0
0
0
0
0
0
0
0
0
0
0
0
0
0
0
0
0
0
0
0
0
0
0
0
0
0
0
0
0
0
0
0
0
0
0
0
0
0
0
0
0
0
0
0
0
0
0
0
0
0
0
0
0
0
0
0
0
0
0
0
0
0
0
0
0
0
0
0
0
0
0
0
0
0
0
0
0
0
0
0
0
0
0
0
0
0
0
0
0
0
0
0
0
0
0
0
0
0
0
0
0
0
0
0
0
0
0
0
0
0
0
0
0
0
0
0
0
0
0
0
0
0
0
0
0
0
0
-4031
-1044
-21864
-26265
40227
12034
1203
-4509
7001
9607
-10093
3104
-7406
8676
-4270
-42
-1707
6571
-1805
-299
221
1282
-329
6801
442
3536
3165
1440
1791
1625
1627
1789
1452
1391
1411
1353
1320
1249
1232
1227
1225
1127
1150
1114
1091
1060
1038
1005
995
974
949
928
907
887
878
829
809
820
778
702
423
942
856
762
747
741
733
681
674
707
665
649
613
646
585
596
588
575
558
547
542
535
502
488
467
446
470
444
438
437
413
404
411
408
335
314
443
317
682
103
1180
74
849
877
550
2436
-2842
9168
7354
7761
-3874
-13680
-6837
-12157
-9653
-944
-3357
-3083
7754
-3757
-5774
-2772
-7015
-19662
-5097
2309
-11537
-8537
23095
32303
47828
105294
-216829
-60459
-35348
-11258
-14889
-5003
-9417
-2790
-7729
-3735
-8927
-12578
-12571
-9448
3841
-1946
330
-14840
-9410
-2557
-3159
-2811
-4123
-1618
-2787
-2673
-2699
-2049
-2295
-1931
-1855
-1735
-1634
-1550
-1473
-1389
-1290
-1244
-1118
-1054
-1040
-971
-912
-844
-786
-731
-677
-626
-576
-526
-458
-440
-365
-299
-209
-86
437
-492
-284
-194
-124
-55
21
31
62
112
156
179
237
274
316
369
409
439
488
530
572
619
672
707
728
790
913
886
946
979
1046
1046
1111
1181
1204
1271
1421
1572
1457
1871
2030
1552
581
1437
1782
3254
-4869
2603
6454
609
1397
-3853
-2707
-2329
7282
-7472
1928
-646
15115
16070
7759
8134
3530
6563
15045
10895
1553
14247
-13749
-17659
-14002
-33873
96585
16871
15971
-1099
12048
1127
-8245
4900
-7076
-4316
6484
-4152
-5956
7577
5620
602
1507
-7560
2349
831
3810
504
22
-283
-653
-942
-706
-1029
-790
-1007
-1012
-1037
-1078
-1136
-1172
-1221
-1238
-1270
-1344
-1340
-1408
-1436
-1474
-1495
-1526
-1558
-1590
-1617
-1656
-1674
-1689
-1730
-1752
-1749
-1815
-1829
-1917
-1890
-1908
-1908
-1935
-2025
-1989
-2023
-2085
-2070
-2094
-2101
-2132
-2161
-2190
-2225
-2233
-2262
-2285
-2315
-2333
-2373
-2381
-2402
-2473
-2506
-2492
-2551
-2554
-2638
-2625
-2675
-2702
-2729
-2808
-2789
-2902
-2950
-3011
-3104
-3032
-3414
-3094
-269
-2890
139
-4030
2108
3139
-10891
-11190
-7608
-8504
-6100
6764
-5671
-5201
-9871
-9465
-5775
-14114
-20632
3821
-2654
5990
-4792
-8299
9589
-14571
-7555
-30209
-73214
158484
35050
22602
15668
11551
6878
5837
8540
-3502
8367
14750
2728
11176
1565
4208
-1024
11722
8276
4473
5634
3527
4019
5343
1670
3833
3185
2887
2855
2733
2862
2776
2732
2668
2619
2566
2491
2429
2363
2318
2274
2197
2195
2122
2069
2028
1983
1939
1899
1853
1815
1786
1736
1669
1600
1559
1475
966
1818
1621
1506
1490
1411
1343
1316
1314
1285
1232
1173
1193
1107
1079
1045
1004
962
920
877
834
786
758
673
676
602
577
502
463
430
334
295
210
136
55
-30
-100
-98
-17
-500
-965
-1285
1061
-1484
-280
-5097
-869
4272
-6904
10845
-2966
5022
1868
-1726
-1197
3122
-5017
9652
7333
-8131
-9221
9854
-8689
-6670
-10106
5706
8821
-49
21569
18680
41643
83319
-197282
-50426
-18008
-12816
-4640
-12668
-20855
-2653
-7485
2521
-18053
-7223
-5340
-11398
-10288
-2915
6221
-1091
-6468
2514
971
-2309
-2450
-2262
-2007
-2371
-1887
-2019
-1767
-1579
-1478
-1357
-1264
-1192
-1075
-1022
-997
-884
-801
-761
-715
-624
-537
-496
-430
-374
-319
-260
-206
-164
-90
-50
15
84
131
251
609
47
186
297
330
392
471
483
597
601
678
727
765
804
881
935
995
1053
1113
1174
1224
1299
1374
1408
1493
1569
1655
1651
1811
1892
1931
2064
2155
2254
2399
2481
2549
2883
3107
3354
3140
3131
5371
3479
3818
8804
-979
6060
3786
11579
-2756
817
8760
7346
8574
13643
4086
3669
-4305
22443
6878
2742
-3843
4440
3219
18223
6291
15688
10617
-4651
16559
24016
-33984
-5498
1122
-7032
3177
-16069
11483
-5337
-16463
-8468
-9866
-4742
-9288
-2391
1734
-1926
835
-1613
-1304
-5535
-1534
-1989
-54
-333
-2009
-1722
-1781
-1606
-1482
-1514
-1528
-1474
-1469
-1451
-1467
-1400
-1421
-1338
-1377
-1342
-1348
-1326
-1332
-1322
-1301
-1288
-1282
-1268
-1264
-1248
-1231
-1231
-1227
-1192
-1179
-1140
-865
-1370
-1286
-1181
-1221
-1199
-1193
-1145
-1167
-1120
-1127
-1114
-1118
-1120
-1117
-1083
-1089
-1069
-1062
-1053
-1037
-1033
-1029
-1005
-994
-1006
-957
-956
-993
-989
-933
-950
-931
-918
-901
-920
-970
-892
-473
-640
-659
-110
-899
-150
-2393
4
-7081
-1603
-5014
-3035
4973
-2984
-706
-426
-6688
-1982
19605
-8183
22994
7928
7152
-4257
2483
-4316
4508
-2130
6317
7304
-13059
-17620
-38902
-93783
223702
65918
36442
16688
24791
11469
9178
3374
8924
82
6624
2443
-471
1569
-3720
-15391
10224
1485
7331
2013
2483
3966
4332
1852
2959
2738
2686
2698
2490
2319
2253
2188
2113
2051
1980
1884
1799
1739
1676
1657
1549
1558
1478
1395
1346
1298
1245
1198
1140
1089
1055
989
926
852
762
670
155
1029
833
729
670
641
573
505
484
455
360
336
304
225
210
149
94
43
-6
-59
-104
-143
-208
-258
-361
-382
-448
-518
-596
-638
-733
-788
-872
-962
-1078
-1040
-1413
-1670
-1900
-2037
-2401
-2529
-1157
-3998
478
-2724
-1025
-5521
8555
-10819
-6636
-7163
-12238
7151
-6703
-17592
-3655
-13184
-2738
11880
-7842
-5660
2217
-19956
-8742
-4979
-13232
-17551
25839
8705
16377
33116
-96690
-20242
-4999
950
-18789
1652
-14359
-12915
366
-12772
-675
-1271
12555
-918
11119
-5183
6358
-7590
1018
-1146
636
559
358
-372
267
430
933
499
535
633
729
692
715
742
764
765
795
772
825
843
815
857
840
864
870
888
895
910
919
947
945
928
975
947
949
977
1030
999
998
1015
957
997
1005
1045
1069
1071
1081
1067
1119
1113
1118
1115
1137
1146
1148
1165
1155
1169
1199
1217
1235
1191
1223
1210
1279
1267
1277
1301
1298
1319
1343
1411
1218
1384
1304
1624
958
1437
556
-976
2073
137
1187
6506
-7297
-7439
1402
-4338
8150
-8667
-5714
6998
-626
-1834
-901
-1975
-2570
-1525
-5711
2086
586
2971
13734
15577
11382
22344
30820
71683
-172967
-33322
-19126
-19477
-22239
-20898
-1308
-2124
-13404
-7916
-4181
7099
1680
-1579
-17581
-7283
-6751
-9281
-5807
-5734
-3388
-3429
-4309
-2761
-2533
-2322
-2616
-2606
-2286
-2222
-2185
-2139
-2061
-2009
-1893
-1850
-1831
-1737
-1664
-1607
-1575
-1520
-1458
-1423
-1385
-1329
-1283
-1235
-1195
-1150
-1100
-1028
-993
-951
-886
-775
-235
-1124
-929
-857
-781
-733
-699
-634
-608
-554
-532
-504
-458
-411
-361
-342
-299
-263
-222
-180
-136
-90
-35
-18
63
69
173
177
240
283
317
378
454
517
612
617
853
737
932
859
994
1213
200
313
3557
2751
-4886
688
-8209
3877
-18623
-11982
13090
2906
-10516
14446
5642
8945
1423
-9483
6331
15327
2650
-3455
1246
-457
9208
8537
-14125
-33077
-30943
-91452
190426
38784
21932
21110
10451
10030
9936
-1768
7469
13035
9372
-3490
7495
2327
12385
-14270
1047
-8390
9913
-469
2276
1717
470
337
-287
234
67
-27
71
-87
-126
-175
-233
-267
-358
-389
-448
-516
-565
-548
-627
-637
-723
-746
-794
-829
-864
-900
-932
-967
-1001
-1067
-1104
-1146
-1167
-1242
-1609
-1006
-1188
-1204
-1289
-1297
-1382
-1352
-1429
-1425
-1513
-1516
-1520
-1567
-1593
-1638
-1656
-1702
-1732
-1766
-1805
-1841
-1874
-1865
-1961
-1955
-2019
-2001
-2095
-2157
-2212
-2214
-2276
-2327
-2364
-2519
-2442
-2643
-2418
-2878
-2098
-2582
-3614
-2915
-3305
-5202
-2762
-9014
2275
-21133
129
8782
4376
2967
-3231
-7136
-12428
-12074
-11416
-5039
-17698
-4945
-246
-20527
-4184
-27439
-2542
-20518
-1273
-3028
-5260
-5423
42413
1964
6398
-929
950
-2194
7503
5086
7412
584
3902
-7847
-4267
10325
11672
2236
5673
4632
3141
3853
6214
2974
2626
2613
2364
2739
2545
2514
2445
2319
2309
2223
2176
2139
2110
2075
2026
2011
2015
1959
1940
1924
1887
1885
1876
1852
1834
1817
1789
1782
1759
1763
1733
1728
1688
1645
1354
1816
1746
1713
1688
1666
1673
1650
1646
1625
1602
1600
1574
1584
1574
1560
1559
1550
1542
1533
1525
1521
1493
1506
1484
1472
1502
1454
1477
1460
1460
1442
1445
1436
1448
1438
1549
1451
1094
1336
966
826
1854
1230
-1333
1548
-1607
3242
5655
3396
3725
3672
7089
-5902
-3776
-6307
139
8542
-400
6847
6974
5379
7845
1835
-9584
-1647
-5627
-437
16042
31520
29153
101745
-214706
-42877
-20721
-21137
-2585
-16757
-3509
-8071
-2693
-15971
-12099
-5163
2359
3580
2424
311
1464
1001
-5941
-8101
-3900
-2539
-2963
-2016
-2538
-2413
-2283
-2009
-1899
-1692
-1662
-1589
-1495
-1431
-1322
-1302
-1184
-1159
-1096
-1085
-1038
-987
-958
-905
-861
-824
-787
-749
-723
-687
-650
-599
-584
-515
-490
-408
138
-782
-532
-515
-440
-429
-347
-371
-352
-306
-218
-287
-217
-178
-174
-154
-128
-107
-88
-68
-57
-15
-9
8
39
61
123
110
94
93
173
125
174
168
191
109
217
119
264
340
484
-928
-102
823
624
-3179
-4598
-2883
-2474
3786
4595
-6084
22916
854
12665
3135
9293
-4258
8941
-9789
15719
12164
-15033
12205
20903
19006
884
20133
-22378
-22243
-10223
-41580
95223
32069
10661
1545
6630
-3500
1425
6464
9951
4326
5865
-2390
-1286
1019
-6114
-7035
-596
-3670
2764
-3678
-1901
-21
1338
-1270
312
-581
-541
-418
-517
-433
-517
-549
-592
-606
-658
-673
-672
-716
-721
-764
-790
-795
-821
-850
-859
-875
-894
-912
-936
-948
-949
-985
-982
-971
-999
-1061
-1075
-1022
-1074
-1025
-1030
-1090
-1128
-1088
-1103
-1100
-1136
-1154
-1162
-1208
-1208
-1208
-1226
-1228
-1244
-1257
-1274
-1276
-1281
-1300
-1299
-1323
-1307
-1329
-1396
-1385
-1374
-1410
-1410
-1424
-1483
-1515
-1360
-1463
-1157
-1257
-1156
-1248
-2081
-3811
274
-4128
-4551
-1681
-3184
887
-10543
-3718
3068
-2042
-3589
3951
-2028
9284
847
13283
-8377
-3850
-12326
-17557
-7562
-10762
2854
-6550
-18328
-7628
-20668
-72054
157770
49434
24004
5950
36476
14974
15688
-5720
9725
6982
9097
8826
-4978
-1778
-2509
-4872
8483
5130
1686
1877
1417
3545
2272
3568
3347
2703
2860
2544
2285
2198
2205
2080
1988
1949
1881
1809
1758
1698
1617
1567
1514
1505
1438
1384
1349
1301
1257
1215
1174
1134
1087
1036
977
989
900
772
296
1156
929
847
849
783
732
688
673
669
611
562
559
514
484
454
413
381
344
311
269
245
201
176
137
114
38
-20
-17
-108
-88
-116
-147
-188
-255
-199
-214
-208
-400
-732
-89
-602
-372
1018
1369
4080
-506
-3090
-5071
-8132
4946
-16460
5214
-14301
1720
-4851
-18793
7776
4996
-5805
-4958
-5764
-4671
-13788
-7952
437
-946
-8303
16382
33594
30569
84025
-194501
-35703
-34829
-14621
-1074
-34190
-17676
-18080
4481
-6601
-5032
2195
1854
4072
-6796
-10490
-6150
579
-134
-296
-4000
-904
-3586
-3331
-2412
-1653
-1496
-1321
-1214
-1036
-894
-836
-719
-620
-539
-466
-380
-331
-218
-138
-57
12
83
126
196
251
316
375
432
495
541
628
667
690
796
857
1258
711
871
899
997
1012
1101
1140
1223
1255
1312
1357
1423
1483
1501
1568
1614
1672
1723
1782
1828
1887
1942
1995
2082
2125
2191
2269
2331
2371
2469
2547
2623
2716
2825
2781
3038
3253
3152
3303
4236
2863
4344
4623
4195
927
5041
8436
2824
15422
12820
12262
12643
3075
-2124
6511
7304
4330
8021
-7488
-365
7999
4950
4959
4265
16997
13234
24691
14481
1691
1915
17004
-33801
-17907
-13155
2533
16564
479
-7238
-2493
-16440
611
4003
2182
-11285
1669
-6539
-5895
-9443
-8001
-1379
-4572
-1842
-1905
-2686
-1495
-2102
-2596
-2420
-2046
-2349
-2244
-2285
-2241
-2225
-2216
-2175
-2162
-2145
-2124
-2097
-2091
-2091
-2088
-2084
-2083
-2067
-2063
-2053
-2045
-2032
-2032
-2000
-1999
-2011
-1989
-1933
-1923
-1661
-2143
-2035
-2017
-2048
-2001
-2013
-1958
-1988
-1969
-1966
-1961
-1954
-1948
-1945
-1933
-1936
-1931
-1932
-1932
-1922
-1958
-1916
-1923
-1921
-1916
-1927
-1943
-1960
-1913
-1926
-1937
-1962
-1957
-1991
-2033
-1871
-1778
-2068
-2122
-871
-2837
-1837
-3105
-3940
-7813
678
-3204
-5564
-6265
-10876
22360
546
4682
4618
-1181
3605
50
-5280
-1347
-3860
-3018
330
-4255
286
-4021
8122
3060
-22446
-26948
-41524
-102219
217588
50539
30812
29869
2184
6195
17074
1969
6060
8752
9619
8048
285
3117
891
9449
11380
-2884
2211
6762
-310
3567
3345
2855
2288
2625
2576
2454
2116
2210
2140
2060
1970
1902
1831
1763
1737
1618
1571
1542
1429
1384
1350
1293
1242
1187
1138
1092
1035
1009
960
918
860
787
723
626
105
1000
789
704
656
595
525
486
482
434
410
326
332
274
223
188
158
131
89
54
22
-19
-66
-147
-147
-183
-216
-277
-318
-362
-397
-434
-500
-550
-564
-630
-792
-642
-1391
-1130
-1674
-1793
-1414
214
1261
-3307
-748
1788
241
18609
5501
-2403
-12770
3711
-792
-3237
6361
-1877
3865
-3169
-11319
-37
-16229
-7117
-14423
-3896
-2424
-15101
18490
27618
18874
35561
-91236
-16170
-12656
4522
-9395
341
1455
539
-3459
-2557
-13012
6986
-9574
16615
-5641
-4956
-1316
-1462
445
-604
685
-389
-415
648
944
619
805
698
722
770
726
741
773
811
801
858
848
885
896
913
931
938
980
963
991
1007
1018
1031
1050
1047
1074
1072
1116
1068
1136
1138
1180
1148
1152
1117
1151
1213
1218
1218
1210
1251
1289
1252
1283
1292
1306
1311
1322
1339
1348
1361
1369
1389
1399
1415
1416
1431
1434
1459
1478
1529
1512
1512
1541
1555
1556
1533
1597
1510
1226
1103
1313
2395
2814
1712
2307
2250
928
4540
5612
3164
8239
-6000
2126
-5122
6075
-1048
10696
2079
-4983
13606
1745
15534
-11756
8614
12751
5380
2179
1364
14844
15605
31550
61572
-157139
-23682
-30491
-12453
-10798
-7434
-1263
-8180
-5524
-8572
-19452
-14082
-12378
983
-6240
1397
-14613
-5832
1435
-2892
-1875
-3908
-2540
-1986
-2682
-2258
-2173
-2171
-2226
-2117
-2067
-2002
-1956
-1907
-1860
-1760
-1714
-1684
-1637
-1569
-1504
-1502
-1438
-1390
-1348
-1307
-1267
-1225
-1172
-1154
-1105
-1054
-997
-977
-874
-847
-291
-1115
-964
-866
-829
-785
-693
-687
-649
-619
-608
-541
-536
-512
-446
-432
-384
-340
-303
-260
-229
-186
-168
-107
-71
13
25
40
110
166
176
240
272
319
363
433
384
465
798
621
761
1515
-435
-321
1162
-3114
-2091
-6469
1944
-296
5848
268
4297
7516
2472
6984
7164
4722
5996
19519
8939
-3447
8490
8352
2569
5423
-6106
11875
-19253
-21157
-34769
-83236
189408
34263
11305
25358
14824
13073
16148
3848
8709
9527
13034
-2770
14294
17114
9845
-12117
-1539
-4402
-3461
-267
2551
-788
-120
1554
39
86
-33
222
-56
-49
-95
-137
-152
-177
-212
-268
-317
-322
-344
-387
-429
-442
-520
-544
-563
-591
-621
-647
-674
-709
-737
-788
-812
-844
-848
-932
-1288
-728
-858
-920
-945
-1010
-996
-1041
-1045
-1107
-1173
-1178
-1184
-1217
-1247
-1272
-1301
-1322
-1348
-1376
-1409
-1437
-1442
-1502
-1478
-1569
-1576
-1606
-1636
-1692
-1681
-1723
-1729
-1754
-1778
-1710
-1860
-1766
-1841
-2099
-1941
-1474
-894
-2477
1014
970
-2571
3920
-18795
2793
-11759
-939
139
-6344
-15913
-639
-2043
727
-11963
-10554
-12817
2027
-150
-5278
-19658
-12312
-16687
-6744
-7027
-10421
-7877
-4134
34060
12075
-3497
4729
-2270
5607
19793
4554
6630
-10008
8966
4086
17056
-7040
21574
6285
-4896
5552
246
6527
7135
2368
2809
2983
3125
2650
2778
2909
2612
2409
2407
2410
2364
2340
2311
2279
2233
2203
2200
2157
2142
2081
2032
2022
1991
1981
1953
1927
1899
1866
1838
1832
1814
1749
1743
1653
1401
1832
1760
1741
1702
1666
1660
1618
1608
1565
1525
1502
1498
1456
1444
1449
1419
1385
1364
1345
1308
1293
1274
1218
1188
1191
1173
1117
1062
1051
1020
948
944
902
857
817
739
629
285
514
615
43
1527
-212
428
1672
-1331
-3068
9809
11070
-6088
-2544
3709
1066
3100
525
763
-10884
7717
1395
8789
10034
5750
-2830
-7621
-2427
-10859
-3894
31996
26177
32901
83478
-222974
-58669
-28732
-14510
-13030
-9456
-15568
-8403
-3192
9217
1065
-15850
-3328
531
-1636
-7970
-13309
-4012
-3875
1702
97
-2889
-1180
-732
-191
-1157
-1154
-1186
-971
-961
-966
-897
-853
-834
-779
-751
-712
-669
-618
-564
-520
-495
-482
-434
-399
-369
-336
-302
-261
-229
-190
-176
-117
-100
-24
91
620
-247
-69
-24
-13
72
124
130
178
246
227
289
318
363
386
411
438
481
513
550
582
609
655
661
742
811
806
852
879
917
962
1035
1074
1139
1229
1274
1165
1411
1686
1511
2439
1127
2253
1770
1424
2594
6338
-7430
-2021
17482
6776
-3305
-12486
-5091
-5215
2724
4468
324
6547
-2383
1729
2726
9128
-8143
4752
18459
10347
15164
-15228
-13134
-27437
-22988
83272
23582
2017
10327
18735
1531
-4083
957
-4320
-3638
5481
-370
-284
-993
-6283
1230
-4967
-551
-3423
-1828
-2789
-901
-1687
-1910
-1701
-1830
-1375
-1058
-1456
-1319
-1467
-1465
-1480
-1467
-1465
-1510
-1487
-1524
-1509
-1537
-1540
-1561
-1550
-1578
-1589
-1587
-1598
-1608
-1608
-1632
-1601
-1649
-1654
-1659
-1649
-1679
-1693
-1732
-1653
-1685
-1679
-1717
-1685
-1742
-1754
-1710
-1768
-1741
-1739
-1765
-1780
-1777
-1786
-1798
-1802
-1810
-1815
-1828
-1844
-1848
-1891
-1839
-1892
-1874
-1853
-1903
-1888
-1913
-1923
-1923
-1979
-1953
-1965
-2157
-1910
-1814
-1095
-1906
-2578
-3791
-3698
-1863
-3042
-7986
10364
-2716
1537
43
-4319
-683
-16277
-4392
-2573
-12217
8712
-7668
-5761
-9454
-4459
-9242
-1960
2140
-14854
-4168
-12469
-11428
-28106
-66052
174604
46215
19346
7409
5933
9901
4228
1340
8142
24
14744
4760
7909
8727
2782
2046
16318
-7370
4488
4531
4265
2256
3881
3496
2732
3145
2529
2555
2409
2359
2331
2230
2155
2074
2005
1961
1892
1852
1787
1767
1637
1640
1578
1531
1478
1434
1392
1345
1301
1268
1203
1179
1125
1108
1022
895
360
1241
1052
962
924
842
831
805
736
711
680
619
599
570
520
489
454
408
368
326
278
230
205
172
105
64
39
-82
-104
-125
-214
-284
-310
-378
-456
-518
-660
-767
-625
-998
-778
-1400
-2331
-2585
-2457
1868
1650
-2115
901
-6654
-6218
750
-6960
4229
6625
-2685
-11823
-4220
-93
-11395
-3406
15746
-4698
-2421
-927
-7547
-3649
450
21638
28224
35606
94155
-185075
-46203
-22807
-20947
-11287
-15388
-2699
-4460
-5154
-2808
6427
-272
-9259
-8089
-3971
3759
4437
-7575
-7373
-2159
-717
-1735
-1606
-1333
-569
-846
-614
-516
-454
-501
-376
-311
-245
-187
-120
-36
-29
66
124
179
213
265
315
385
425
467
513
560
607
632
681
721
776
844
858
968
1297
732
899
946
1001
1070
1116
1145
1170
1204
1289
1307
1342
1384
1433
1428
1492
1530
1571
1613
1664
1694
1752
1788
1838
1872
1941
1997
2014
2113
2138
2206
2271
2340
2425
2533
2556
2671
2432
2831
3217
3957
4813
3413
6497
518
4438
7797
987
5111
-3804
13341
-5588
2910
-9230
21099
9533
6067
155
3834
11375
-4521
-9671
16718
11006
9813
8908
10777
1157
2815
9202
21382
-34236
-8574
-10267
-17221
-9420
-6478
-2491
747
662
1240
3651
-4350
-4661
11951
6570
-3750
-9508
-10779
3585
-7230
-5376
-1190
-2374
-3367
-2820
-2534
-2800
-2813
-2740
-2538
-2636
-2543
-2511
-2443
-2457
-2461
-2365
-2384
-2389
-2306
-2293
-2291
-2304
-2250
-2230
-2218
-2199
-2182
-2172
-2167
-2137
-2124
-2088
-2079
-2073
-2031
-1753
-2248
-2139
-2091
-2073
-2044
-2014
-2025
-2009
-2010
-2001
-1993
-1999
-1977
-1951
-1956
-1948
-1938
-1933
-1928
-1921
-1909
-1919
-1901
-1880
-1867
-1916
-1889
-1847
-1903
-1856
-1853
-1869
-1865
-1838
-1889
-1767
-1863
-1935
-2024
-1931
-2443
-3069
-3626
-1561
-1327
4400
-6300
-4971
180
3955
7368
306
-3458
-5353
-2323
3194
13503
1434
3626
-5643
4285
1674
-4661
-4448
-947
-8370
-3147
-19804
-27227
-39794
-92607
226017
52601
20263
13371
12239
14055
7918
9607
3639
7483
11239
4628
17045
20636
602
-49
5290
6885
3544
6649
3150
2011
4919
4394
3176
2591
2956
2756
2527
2586
2420
2328
2236
2147
2102
2052
1984
1874
1865
1762
1711
1667
1612
1532
1489
1447
1397
1350
1306
1246
1215
1154
1115
1073
1026
876
341
1259
1062
982
927
917
844
814
783
714
684
632
628
552
558
527
482
450
423
397
362
327
291
253
210
215
164
121
91
75
27
12
-6
-33
-87
1
-58
-188
-290
-369
-51
-573
809
-972
2351
3439
2181
-3253
6760
2790
-2073
-5552
-6048
5540
-7737
-16173
1233
-15294
-1261
9441
-8130
-2103
-6475
-1858
-15886
-17331
-14442
-26834
8893
16031
20082
49937
-81351
-24420
4953
-30168
-5930
-2417
-8015
13176
-9445
-3660
-13824
-20050
179
-7620
-5131
-3980
-669
-4028
1380
3904
1782
-1570
52
120
-137
383
178
385
545
458
487
527
562
593
644
714
646
730
755
809
820
859
878
907
924
953
973
998
1024
1026
1066
1076
1108
1172
1097
1168
1190
1162
1191
1208
1242
1266
1237
1287
1285
1327
1319
1348
1360
1388
1400
1423
1426
1441
1457
1467
1491
1501
1508
1520
1546
1540
1551
1545
1583
1611
1592
1629
1634
1637
1655
1653
1623
1599
1596
1866
1639
1199
722
-276
2703
-639
2302
5137
477
6430
3711
-945
8368
6853
1138
11812
3038
-13730
-6959
5272
4213
9758
9557
10000
12240
6746
19164
4193
14595
34055
20156
69935
-155850
-29824
-22166
-25175
1214
-1936
-11410
-14757
-19228
-11736
-7168
-7971
-12953
2360
-4907
-5599
-9303
-3517
-3768
-3137
-1157
-3143
-4349
-2371
-2154
-2665
-2654
-2542
-2129
-2079
-2061
-1983
-1916
-1842
-1790
-1730
-1675
-1617
-1528
-1515
-1459
-1428
-1397
-1368
-1309
-1276
-1235
-1204
-1160
-1125
-1086
-1066
-1029
-947
-898
-841
-312
-1163
-950
-958
-865
-765
-751
-760
-709
-666
-662
-588
-589
-541
-529
-497
-462
-437
-405
-375
-339
-308
-255
-222
-187
-164
-165
-118
-45
-2
47
79
128
174
287
299
448
392
513
449
281
200
1956
-510
1977
712
5028
4199
-2257
-2981
-2700
6838
-10726
-7903
-4024
281
12362
-5111
5630
-710
-168
-7411
6986
1945
4503
7695
-1799
-6502
-30450
-23792
-24443
-90317
192742
30498
19363
4892
15506
15909
25657
-3904
-2061
-3332
-1787
3817
11509
-1875
2479
2516
3523
-3961
804
2007
690
1139
533
197
1231
323
561
487
397
352
326
258
172
117
10
-9
-111
-191
-175
-223
-314
-364
-409
-452
-504
-547
-592
-632
-679
-723
-769
-794
-880
-894
-955
-1006
-1391
-806
-1008
-1032
-1042
-1118
-1138
-1182
-1292
-1282
-1338
-1365
-1412
-1434
-1458
-1514
-1544
-1585
-1625
-1663
-1706
-1731
-1804
-1841
-1898
-1921
-2019
-2043
-2052
-2118
-2176
-2239
-2297
-2361
-2431
-2566
-2769
-2916
-2893
-2758
-3369
-2990
-3395
-2786
-4618
-2409
-71
-3048
2315
-672
-1559
-13297
-3995
-19831
2023
-8504
-11463
-5548
-16321
-9590
-7084
7167
633
-6182
7632
-18828
-20470
-16822
-902
-18874
-1323
-17507
45885
-6713
-344
4854
-7175
-6250
2477
-10392
8689
4262
-2120
16127
6798
4126
-2768
9248
8403
-3104
8844
2140
384
2638
2922
2400
2755
1779
2391
2311
2316
2252
2269
2213
2190
2190
2190
2167
2123
2135
2076
2125
2077
2072
2064
2076
2047
2055
2046
2037
2035
2023
2002
2029
2008
1966
1978
1978
1634
2169
2046
2084
2018
2008
2003
1973
1984
1994
2014
1960
1976
1975
1993
1973
1974
1965
1971
1982
1972
1969
1961
1985
2000
1950
1986
1976
2012
1993
1975
1996
2017
2031
2040
2041
2065
1938
2151
1908
2272
1060
3177
2762
-209
2958
2485
7340
-4294
-6126
10544
2371
9274
-8096
4679
-63
-8536
-7853
-478
5745
3369
495
-11634
2780
1091
3566
1317
529
12826
13713
30853
96980
-215930
-56960
-36678
-10375
-13111
-20609
-15123
-9311
-192
-1303
2144
-11300
682
546
-2774
-3837
-5972
-9032
-6818
-6507
-5885
-3742
-3938
-3134
-3565
-3134
-3165
-3229
-3034
-2878
-2770
-2673
-2570
-2482
-2397
-2291
-2230
-2124
-2017
-1951
-1912
-1856
-1799
-1715
-1654
-1601
-1539
-1479
-1422
-1346
-1305
-1254
-1208
-1124
-1040
-933
-409
-1280
-1042
-941
-897
-860
-764
-742
-706
-673
-600
-582
-519
-462
-420
-362
-315
-257
-211
-160
-111
-54
3
59
96
132
194
287
349
362
449
540
581
667
713
779
849
1031
1138
810
1307
620
804
3926
2426
-861
637
7947
1742
-5501
-3513
-2089
14538
2449
-10962
637
5336
-4043
14980
-2330
661
19908
7619
10212
11259
5229
-742
16572
-10351
-12148
-5708
-43926
83061
24443
15775
18021
8489
-3021
4032
16788
-2642
2394
-907
-1763
-3334
-114
-1343
13979
-5076
4487
-4570
4277
2202
973
1053
1039
1355
1662
1058
743
884
549
508
403
336
271
143
111
64
5
-53
-121
-137
-233
-257
-294
-338
-389
-430
-471
-503
-558
-574
-624
-665
-696
-734
-765
-802
-801
-886
-878
-910
-991
-982
-978
-1037
-1065
-1118
-1120
-1153
-1200
-1255
-1281
-1312
-1347
-1377
-1410
-1440
-1485
-1534
-1542
-1614
-1608
-1683
-1728
-1759
-1810
-1878
-1885
-1969
-2023
-2101
-2168
-2259
-2335
-2703
-2545
-2347
-2844
-3757
-2705
-2122
-1733
-2347
-11046
2749
-11656
9477
231
-5472
-9952
-2600
-4116
-5165
-3814
-5710
-15167
-16059
-5924
-1714
-6977
-4073
-17834
-4250
7091
-10373
-21887
-16341
-83865
156004
29835
30179
19857
5826
11945
16882
9305
-2765
14341
-731
152
-5138
7997
2281
11595
53
3543
2589
3727
1362
3262
2814
1997
2306
2386
2088
2068
2120
2052
1984
1918
1872
1840
1780
1731
1735
1650
1603
1574
1545
1481
1461
1431
1403
1365
1326
1289
1263
1233
1184
1135
1115
1044
1014
955
433
1324
1052
1040
969
905
897
890
807
833
766
736
711
667
625
616
579
545
513
483
443
394
395
325
303
253
227
215
157
112
91
-10
-30
-70
-173
-185
-260
-124
-494
-148
-828
-1435
-1700
-1356
-1650
-950
-1752
-809
-3113
4919
-17355
-4609
-6079
-4805
1617
144
-4110
1316
15549
-5102
-5849
-4011
-5616
-13993
4117
-14480
-6197
-1317
10236
17880
33918
75760
-197099
-52873
-19168
-12678
-5116
-10912
-11011
2921
-8615
-5523
-1227
-12796
-1763
-10469
-5404
10005
-5948
-1713
-190
-2829
-1404
-865
-125
-965
-1776
-1312
-673
-756
-811
-892
-750
-651
-574
-523
-459
-434
-338
-277
-230
-198
-115
-109
-18
23
57
105
149
192
243
268
309
353
384
447
482
611
958
399
506
588
640
641
706
753
772
823
820
877
892
953
976
998
1046
1079
1113
1150
1172
1218
1243
1259
1290
1408
1403
1439
1453
1526
1589
1613
1642
1672
1721
1788
1905
1743
2097
2128
1240
869
2206
1196
3023
-645
2571
-11336
15736
14797
6688
-8123
17306
5689
-345
4749
-873
-600
-581
9154
11633
-1237
12068
4040
10544
3293
8091
18166
863
3069
6490
4346
-42515
-18486
-7745
-5497
-2820
1089
-1845
-11450
152
-1126
-3410
16037
175
-10908
1386
3325
-968
2820
-619
-1348
-1828
-4081
117
-1644
-2191
-1737
-2168
-2038
-1943
-1878
-1943
-1934
-1931
-1898
-1948
-1903
-1951
-1939
-1939
-1930
-1919
-1920
-1917
-1888
-1893
-1891
-1885
-1879
-1876
-1874
-1858
-1857
-1867
-1848
-1822
-1756
-1485
-1959
-1911
-1887
-1865
-1831
-1842
-1870
-1869
-1779
-1764
-1830
-1808
-1795
-1785
-1772
-1770
-1758
-1754
-1747
-1735
-1734
-1713
-1753
-1686
-1685
-1672
-1692
-1661
-1666
-1593
-1581
-1557
-1523
-1462
-1383
-1366
-1096
-1338
-689
-503
-885
10
64
-1898
409
-691
-1258
-6075
15484
-8274
-3011
-9634
-991
-4509
-462
963
-10913
-5329
-1800
-7283
10518
-16688
-13464
11567
10556
-2998
-7456
-5367
-24924
-34549
-91727
219778
63684
26194
13893
23730
4354
1795
6767
2613
2665
4874
11169
284
-4597
17094
1862
14632
10666
2681
1581
1803
-274
1821
2259
2456
2018
1949
1666
1630
1434
1456
1372
1336
1270
1212
1201
1136
1100
1046
1004
949
946
889
879
831
796
766
731
712
659
634
583
547
546
468
332
-165
741
536
484
395
389
382
337
282
306
259
201
192
164
151
110
90
70
42
15
-9
-36
-40
-95
-107
-147
-183
-231
-231
-230
-271
-321
-352
-378
-430
-403
-596
-454
-373
-329
-219
405
-138
924
2479
5627
1679
2135
-2077
6340
-17416
3337
-5386
-3271
5322
-6704
-7473
-8834
-7306
7891
602
-488
-14273
-9092
4969
-11868
-18244
-11429
17343
9119
20308
54377
-98079
-11557
-10100
-10394
-6383
-1145
1081
-5694
-8871
1716
-788
11881
-3431
2911
-6198
-1795
-7636
9246
5461
-981
1388
1723
86
867
-156
990
413
674
482
575
627
621
655
692
706
729
684
774
778
772
850
857
868
881
912
922
942
954
978
1007
1003
1026
1040
1057
1082
1084
1156
1060
1120
1144
1121
1141
1183
1172
1184
1190
1238
1250
1249
1283
1262
1289
1307
1323
1339
1351
1359
1373
1390
1405
1422
1407
1449
1457
1507
1468
1500
1526
1536
1568
1577
1615
1477
1573
1615
1898
2021
1934
3072
3538
1408
-504
3024
6894
-786
-41
3651
6056
6380
3730
7704
-6122
-400
240
21535
8431
-1137
1711
1303
15552
9082
12025
3928
14884
8961
8074
32020
73008
-160106
-47466
-31357
-22815
-1782
-4642
-23329
-2480
-534
5420
9953
-7347
-8021
3742
10569
5174
3486
-4012
-3919
-527
-1751
-2832
-3044
-1850
-2306
-2259
-2008
-1850
-1695
-1663
-1574
-1512
-1469
-1448
-1395
-1316
-1303
-1286
-1232
-1206
-1188
-1163
-1136
-1105
-1068
-1039
-1021
-995
-981
-952
-897
-914
-874
-827
-794
-703
-226
-1101
-929
-832
-815
-839
-753
-798
-733
-698
-700
-672
-687
-679
-647
-629
-628
-605
-592
-583
-570
-548
-536
-546
-526
-471
-472
-474
-499
-459
-469
-413
-460
-444
-418
-517
-549
-447
-432
-905
-37
-569
-335
-945
604
-675
-2441
-3264
5568
13643
-5195
-1711
6078
-2329
5972
736
-5984
3552
3174
4613
11471
-5608
13149
1448
4729
21369
-2946
23628
-20077
-35859
-26127
-89095
194071
39508
23200
13629
20097
10893
-3729
5806
2810
-4185
3163
12537
13082
2776
-8365
-5121
1337
3397
2866
5849
400
924
1817
2504
1030
966
1408
869
933
882
839
739
687
628
588
512
460
365
377
318
288
259
215
162
124
84
46
14
-14
-60
-90
-117
-173
-202
-257
-321
-692
-80
-262
-245
-316
-371
-389
-423
-491
-461
-485
-505
-568
-602
-615
-651
-666
-696
-719
-747
-764
-801
-806
-844
-875
-905
-969
-938
-990
-972
-1008
-1018
-1058
-1067
-1079
-1058
-1023
-987
-1398
-546
-1504
-768
1164
-2248
-2749
-5932
4917
1275
-502
-3079
-13576
-8237
-7715
-2098
-10065
-7866
-13262
-9198
-2721
7138
-1701
-7937
-16265
-13817
2293
-9189
-10903
-9448
-4463
-10296
-10505
-15876
41042
9230
-5152
-4616
11832
-8260
-4068
14698
-4427
9056
1571
-6068
8300
-2828
-8557
3888
7036
-5749
2208
2077
1597
-270
146
1576
1701
1423
1371
1153
1288
1166
1256
1297
1284
1290
1292
1323
1270
1289
1299
1315
1276
1288
1290
1283
1290
1284
1283
1284
1282
1265
1277
1298
1239
1273
1272
1198
939
1425
1360
1343
1320
1346
1291
1313
1312
1313
1329
1292
1274
1309
1285
1287
1308
1303
1303
1304
1311
1318
1302
1315
1327
1318
1318
1296
1332
1339
1349
1346
1360
1377
1378
1305
1404
1398
1690
1895
1518
413
312
2500
1579
2665
-1397
-1872
-3214
2821
3410
-774
8388
12556
-1744
14172
-417
5729
5892
-10352
18073
9670
-10990
-4378
-6541
-5184
1917
-12938
24469
11941
49985
97127
-219610
-54588
-23142
-14883
-11379
3773
-7115
318
-11101
2437
-6119
1842
-1418
-6465
-25943
-7267
-14389
-3027
-3764
-5310
-3777
-1887
-2917
-2876
-2352
-2736
-2617
-2497
-2465
-2154
-2117
-2009
-1918
-1848
-1779
-1680
-1677
-1572
-1551
-1476
-1388
-1364
-1294
-1266
-1224
-1181
-1133
-1087
-1046
-998
-961
-927
-869
-863
-772
-641
-135
-1033
-871
-714
-728
-696
-638
-555
-571
-544
-517
-482
-413
-411
-370
-359
-338
-305
-282
-257
-225
-222
-217
-162
-137
-112
-80
-57
-69
-27
-7
-10
7
23
40
-96
-69
-224
9
-128
308
625
-1173
678
490
-1647
-1571
1611
-1315
1574
19616
7470
6091
6411
4303
2120
5837
6063
-6624
3608
-1534
4125
14974
13876
8446
-267
16723
22729
-5986
-24139
-17961
-54229
88308
15099
15187
5656
4633
-1388
7523
13826
-5843
-447
308
3787
1163
1779
-4839
10316
-15599
1680
-5743
2018
1842
785
885
602
181
-77
-748
-159
-300
-363
-477
-534
-577
-638
-665
-689
-732
-752
-754
-800
-789
-883
-877
-907
-911
-935
-959
-978
-992
-1022
-1024
-1030
-1040
-1050
-1086
-1092
-1138
-1064
-1137
-1098
-1163
-1130
-1156
-1198
-1220
-1193
-1232
-1209
-1228
-1246
-1232
-1252
-1258
-1263
-1268
-1268
-1282
-1286
-1282
-1297
-1305
-1284
-1319
-1307
-1285
-1291
-1289
-1276
-1294
-1282
-1281
-1282
-1079
-1017
-1206
-1537
-1069
-1078
-2346
-2147
699
2393
693
-508
4789
1300
-6590
8700
-3660
-2255
2785
1701
-6708
-3006
-8179
3275
-12394
-4795
4237
-5451
5359
-156
-11929
-17507
-3562
-22689
-29009
-65330
159708
39842
25398
28452
22267
14082
8745
2966
13284
1970
2524
15090
9560
14266
9485
-6249
14926
-1577
-2476
3528
2275
5199
3858
3062
2518
2900
3044
2765
3056
2804
2716
2637
2567
2501
2456
2348
2345
2268
2251
2189
2101
2111
2039
2002
1950
1917
1882
1841
1805
1767
1733
1673
1625
1565
1517
1439
950
1779
1609
1549
1451
1429
1393
1357
1323
1308
1308
1191
1162
1153
1126
1090
1055
1024
990
950
926
875
846
850
797
735
714
692
600
617
537
508
446
400
414
307
268
425
254
141
-1220
-334
-821
-936
-1712
-644
-1431
2493
-6287
-13308
-2446
1568
-11929
6919
1216
6803
-6856
-2827
-4846
-4456
-3621
2356
-21501
-15580
-11415
-3243
-4218
-6879
7811
33493
44487
75377
-194439
-42411
-20250
-19168
-21721
394
-11457
-1810
-986
-8876
-6261
849
-2292
-12073
7947
-9997
-4597
-3586
3309
1142
2020
465
-474
-1352
-1699
-1775
-818
-1284
-708
-800
-692
-618
-546
-498
-429
-330
-298
-254
-219
-132
-87
-30
-26
53
82
118
160
196
230
261
296
354
404
432
487
572
928
363
454
498
606
603
626
667
742
773
811
793
817
841
918
924
948
970
1001
1031
1056
1094
1105
1141
1186
1207
1244
1279
1283
1335
1362
1391
1410
1433
1427
1421
1567
1597
1821
1472
1835
1374
153
1128
452
1271
46
660
-3866
1586
1418
-64
-2181
-6365
-600
3391
15505
-1156
-2177
13203
12268
7208
-8187
-3481
2841
11635
18184
16412
-3616
-4716
2565
-3397
-54570
-3292
-14584
-15135
-10598
-11119
-9772
-365
-5134
3777
-477
-9924
-4256
-8831
4631
-7968
8363
-701
508
3945
-1671
-2465
-1751
-3218
-2864
-2657
-2051
-2652
-2473
-2527
-2419
-2331
-2308
-2268
-2239
-2207
-2216
-2152
-2178
-2148
-2143
-2086
-2086
-2055
-2033
-2016
-2003
-1983
-1979
-1954
-1918
-1913
-1881
-1842
-1827
-1815
-1490
-1947
-1904
-1849
-1830
-1876
-1863
-1767
-1784
-1786
-1756
-1708
-1705
-1713
-1695
-1682
-1651
-1644
-1629
-1612
-1608
-1577
-1552
-1546
-1510
-1498
-1497
-1478
-1434
-1383
-1392
-1367
-1333
-1307
-1227
-1108
-1302
-1193
-1095
-1397
-1509
-997
185
-1874
-2124
2619
-2397
-3606
-7872
-1091
-7107
2540
2728
3052
-2758
-137
2267
-8768
17665
-8098
-1498
-12718
196
7162
4420
-5105
17717
15077
-16851
-30423
-40205
-90235
218451
47744
24243
8097
13342
-1821
-4813
6164
14459
8750
1220
-10567
9652
8498
11158
2729
17633
9098
6226
8573
5539
4898
3033
3846
3259
3407
3000
3232
2767
2570
2497
2412
2292
2172
2071
1980
1888
1828
1782
1683
1580
1553
1478
1423
1352
1301
1238
1179
1129
1071
1015
957
914
878
791
674
123
977
795
724
643
572
591
498
448
445
363
338
258
253
206
153
133
89
47
8
-32
-72
-137
-149
-191
-238
-295
-367
-374
-432
-421
-498
-547
-584
-613
-637
-815
-752
-700
-790
-1208
-2066
-2211
-590
-1736
567
-1548
-3031
-3694
-5908
15478
-8380
-431
-718
-4522
-5420
-6758
3771
82
-4787
-924
-13521
-2793
-13080
-6328
-10708
-24904
-6957
15158
12272
8043
39240
-87410
-17768
-4850
-535
-15024
-3963
756
1891
-5938
-8218
-6019
-8167
3991
-14703
8992
4395
-3480
-4305
2051
-1793
-2833
1025
1641
452
404
371
154
387
389
393
522
576
634
650
692
708
801
788
824
867
900
906
920
971
992
1008
1026
1049
1072
1075
1100
1124
1158
1141
1175
1204
1233
1210
1268
1254
1247
1277
1301
1287
1375
1301
1318
1377
1367
1382
1408
1431
1429
1433
1451
1458
1473
1487
1478
1506
1507
1548
1537
1527
1536
1578
1570
1572
1569
1574
1595
1500
1501
1505
1585
1283
1420
2151
1106
1368
2436
109
-1859
-214
3107
2116
9230
5856
8103
4232
10880
5350
1386
5792
-7550
8218
9275
-1943
12060
19614
-13701
13088
6167
8871
-1404
19782
23128
61416
-154016
-26284
-21841
-12122
-14188
-6034
-3130
-5487
-8481
-7756
-9215
1152
-2794
-8303
-2753
-13506
-9189
-1520
-7302
-7574
-5662
-2880
-5118
-3369
-3422
-3458
-3437
-3391
-3117
-3060
-2969
-2855
-2768
-2671
-2640
-2514
-2503
-2428
-2375
-2328
-2254
-2194
-2167
-2108
-2066
-2016
-1972
-1927
-1881
-1838
-1789
-1747
-1691
-1659
-1587
-1526
-1012
-1815
-1631
-1581
-1475
-1483
-1405
-1426
-1357
-1318
-1279
-1256
-1227
-1199
-1141
-1123
-1091
-1061
-1025
-994
-955
-924
-915
-855
-852
-790
-747
-721
-683
-639
-610
-566
-525
-489
-460
-390
-497
-287
-346
-725
-358
112
-321
227
820
-2587
2649
5180
12237
-538
13759
-8045
6432
3663
2986
6972
7413
12707
-10165
12053
7822
2836
-6743
2204
-822
12744
-3072
11365
-20544
-26787
-46726
-78139
187238
34888
24515
5291
4832
17260
1044
-6909
14812
2315
14787
7610
-12973
6509
10091
12371
-2330
-3117
9243
2763
4681
3575
1737
2393
3057
2314
1921
1884
1746
1593
1481
1391
1299
1232
1120
1024
978
916
812
788
731
630
595
539
489
436
386
336
280
252
184
168
116
77
-9
-81
-447
91
-2
-83
-136
-211
-241
-248
-330
-354
-381
-403
-480
-500
-535
-573
-592
-633
-667
-702
-742
-769
-804
-839
-853
-939
-935
-962
-1003
-1023
-1066
-1128
-1147
-1198
-1184
-1241
-1135
-1044
-1160
-1333
-1445
-258
-734
-2109
-2128
-1054
-2422
4980
-8318
-659
-276
3680
-5631
-14624
1482
5732
-10201
-5941
-2493
-18931
8062
-9022
-11257
-559
-3664
-18161
-7680
-5550
2589
-1147
-11206
-17541
43111
6346
18411
-613
3116
10439
9144
12636
-5977
260
841
12933
-3542
6005
-3526
-7361
-6740
7133
3938
997
2025
-63
559
2568
1639
2262
1547
1623
1741
1651
1750
1769
1758
1745
1780
1757
1712
1736
1710
1683
1726
1704
1682
1666
1652
1640
1633
1618
1609
1621
1589
1577
1552
1539
1475
1480
1203
1697
1613
1559
1532
1534
1541
1540
1500
1493
1457
1466
1444
1452
1420
1415
1410
1404
1394
1380
1378
1366
1370
1349
1296
1319
1293
1281
1258
1270
1239
1247
1238
1235
1233
1154
1149
1207
1194
1145
980
334
1195
2488
1656
6876
-225
-1767
11644
-4545
-12461
-6954
-2859
5135
-3909
4515
5220
7837
1486
-3510
1279
183
5620
-5492
-1841
-13132
-6064
-829
28380
8512
43925
93462
-233636
-59748
-27748
-18100
-8884
-21091
-14651
-7351
-16702
-15204
-2694
-15522
-1971
5015
-12757
-16174
1155
-4957
-8178
-3866
-3869
-1944
-2358
-2067
-2728
-2340
-2400
-2532
-2197
-2230
-2089
-2004
-1928
-1831
-1813
-1759
-1670
-1592
-1546
-1484
-1455
-1356
-1315
-1285
-1215
-1166
-1112
-1061
-1011
-975
-904
-880
-805
-781
-694
-559
11
-913
-738
-575
-600
-508
-443
-410
-392
-356
-298
-206
-193
-157
-94
-59
-1
46
92
140
196
232
296
349
372
483
469
571
602
693
736
761
856
910
1031
1084
1254
1027
1332
1709
1830
2127
-808
1791
1393
1118
5724
-5065
10268
2741
-5123
1057
5392
16765
3874
5617
-5292
7598
7642
4076
13755
1914
11312
22633
18522
4966
5916
13423
-3514
-18932
-16701
-43282
92614
22570
20055
16596
1661
602
14089
-3413
1710
-5384
13119
4541
11891
15967
-401
-8829
-9306
190
-2934
-6458
-1383
-1896
-1546
-1975
-579
-1207
-1019
-775
-972
-1094
-1000
-1051
-1039
-1054
-1082
-1082
-1050
-1085
-1126
-1137
-1118
-1126
-1168
-1188
-1195
-1199
-1212
-1217
-1220
-1234
-1249
-1261
-1273
-1316
-1303
-1309
-1332
-1306
-1318
-1309
-1360
-1384
-1357
-1327
-1386
-1422
-1382
-1410
-1391
-1456
-1442
-1433
-1458
-1466
-1473
-1481
-1478
-1499
-1503
-1507
-1552
-1518
-1506
-1617
-1583
-1568
-1609
-1564
-1586
-1610
-1634
-1582
-1549
-1432
-1239
-1576
-1459
-1364
-2740
-1819
-1441
1511
-9599
-7614
6546
-4314
-5204
1639
-4659
-6959
4057
-4140
6414
1739
1176
3773
-15141
-9436
-19299
7305
-2250
-20598
-7214
3827
-17529
-16757
-19163
-52420
163706
19066
11772
11552
14590
13707
4042
16493
4846
17539
1169
4306
1928
2802
8057
6142
7458
-826
3664
1820
6224
4796
2963
3540
3811
3508
3120
3243
3085
2840
2901
2754
2675
2593
2533
2452
2377
2320
2240
2198
2116
2071
2009
1960
1910
1860
1809
1761
1714
1641
1611
1548
1504
1455
1427
1333
759
1572
1381
1331
1289
1197
1180
1119
1055
1048
939
941
876
857
807
752
703
666
614
563
509
450
421
337
328
236
180
137
50
-30
-135
-159
-257
-341
-415
-585
-747
-807
-977
-1164
-1463
-960
-1255
-3125
-527
-3250
-1741
-1010
-12794
6418
-4663
14327
638
-759
-10029
-54
7310
-1849
-8655
-7213
47
-8658
12997
-6668
2888
-7891
-10984
-3034
19166
20944
40433
93137
-182905
-38928
-35208
-25834
-23844
-19366
-22220
-1241
-11509
-9286
-13147
-6024
12750
-4880
-10842
10311
3217
-7036
9370
-1438
10
-96
644
-584
-696
-632
-216
-423
-37
-137
-40
-32
23
85
109
138
185
213
239
346
351
377
455
495
502
548
580
615
654
685
731
755
794
826
894
931
1287
701
850
923
955
998
1051
1099
1059
1136
1142
1224
1220
1288
1280
1320
1358
1386
1419
1460
1485
1509
1570
1604
1641
1670
1724
1766
1798
1831
1910
1912
1987
2047
2132
2139
2187
2409
2419
2429
2360
2730
2044
4269
3875
20
-234
3243
4026
-15
659
2472
2354
-6585
13734
-363
12204
-352
1434
-9288
-3253
-2227
11623
3503
19881
-2153
9479
15291
10968
-3118
4631
20485
-42764
-4843
-15650
5940
-1246
-4287
-3492
-6553
8720
-6117
-2258
-14736
-4839
-255
-1566
-8973
-2539
-7034
-4425
-5469
-4071
-3625
-4123
-2947
-3102
-2985
-2832
-2974
-3101
-2800
-2777
-2761
-2706
-2663
-2610
-2592
-2570
-2512
-2435
-2426
-2416
-2373
-2364
-2338
-2298
-2280
-2262
-2240
-2224
-2198
-2151
-2132
-2145
-2122
-2056
-2042
-1729
-2237
-2122
-2065
-2090
-2036
-2037
-1998
-1984
-2008
-1932
-1925
-1926
-1922
-1925
-1891
-1889
-1874
-1864
-1857
-1839
-1841
-1805
-1797
-1813
-1774
-1790
-1779
-1761
-1766
-1755
-1729
-1743
-1734
-1755
-1826
-1632
-1870
-2216
-2268
-1391
-2344
-583
-620
-130
177
-2166
-6293
363
-9499
-15213
-5793
-2844
6571
10527
-11543
12141
-8545
3497
-9443
-1753
-7940
661
3684
-877
-2651
3348
26
-9301
-21585
-37038
-83039
207552
46527
25954
9636
10769
8098
16106
502
6808
-3355
-1270
2250
16845
-2652
1466
6782
2944
5172
12606
1402
1765
4382
3459
3768
2575
3261
2780
2515
2487
2320
2270
2217
2119
2021
1951
1863
1820
1727
1622
1589
1528
1459
1417
1349
1288
1232
1181
1128
1080
1027
973
938
865
820
748
629
130
951
774
693
611
594
530
430
464
451
403
382
287
269
229
174
151
108
75
36
-10
-45
-72
-106
-132
-199
-251
-275
-341
-336
-406
-416
-451
-481
-505
-558
-551
-603
-679
-413
-987
-340
480
994
3978
-987
1760
1514
-8072
-6796
-9056
5495
-11102
-5637
-3673
1620
-1796
-9661
-6160
-11957
-1767
-15939
-12690
-13152
-12896
9477
-9274
-15191
13959
22459
12047
37523
-100807
-21818
-14684
-9339
3984
-14676
-17849
5693
-5147
-6010
-10076
-3246
-4824
8349
4962
3305
-3651
3889
689
583
-887
386
3044
1818
1382
1281
1126
1422
1205
1181
1136
1191
1191
1188
1222
1201
1203
1208
1205
1219
1247
1237
1250
1258
1282
1284
1292
1297
1303
1310
1336
1305
1317
1344
1368
1374
1444
1380
1403
1354
1388
1405
1406
1450
1460
1433
1491
1449
1469
1506
1489
1518
1531
1534
1537
1550
1565
1554
1602
1575
1609
1608
1636
1656
1625
1680
1643
1653
1666
1667
1673
1664
1685
1804
1283
2746
1742
2368
1660
316
2026
-345
796
843
-1083
8846
-3470
5295
1786
1507
2040
15725
7896
4508
-9892
-7039
4397
8585
-7684
12056
-2659
1154
10637
9428
7014
17892
26553
76137
-159577
-25309
-22178
-14799
-23185
-6956
-14604
-193
-1822
-8949
1519
-4095
-1339
-555
-2044
4671
-19155
-10604
-14247
-4512
-5479
-6096
-4737
-4493
-4363
-4743
-3881
-4093
-3892
-3617
-3509
-3356
-3232
-3113
-3037
-2932
-2835
-2742
-2641
-2576
-2480
-2468
-2381
-2313
-2247
-2191
-2126
-2072
-2005
-1958
-1868
-1822
-1769
-1728
-1638
-1569
-1016
-1870
-1635
-1562
-1476
-1432
-1414
-1336
-1282
-1238
-1228
-1153
-1119
-1072
-1020
-974
-923
-876
-834
-790
-739
-671
-653
-600
-580
-487
-406
-373
-308
-310
-229
-145
-71
-13
87
181
263
409
484
749
419
1022
1688
4201
116
1441
-2506
-632
12132
907
7778
-12999
4469
-10229
-1486
-9029
1131
11586
2192
6412
8249
3514
4064
3041
-3951
7419
15375
6809
-24796
-20028
-26174
-76159
196363
41192
17155
15888
16680
7107
-2435
14903
4213
12039
9470
10563
13288
3853
1189
8117
1324
-69
2044
1246
3063
2361
3274
1872
2219
1348
1704
1593
1332
1294
1196
1097
1002
897
801
721
659
642
533
448
375
297
255
181
112
60
5
-51
-105
-178
-203
-268
-321
-392
-447
-551
-925
-373
-540
-597
-620
-668
-768
-801
-834
-898
-948
-983
-1053
-1094
-1139
-1209
-1236
-1294
-1346
-1399
-1449
-1517
-1571
-1611
-1664
-1734
-1819
-1835
-1912
-1994
-2099
-2164
-2237
-2310
-2427
-2461
-2508
-2639
-2598
-2677
-3071
-3000
-3019
-2492
-6233
-3446
-4403
-1614
-6648
-7891
-2501
2152
-5380
1999
-6318
-5939
-11087
-13973
430
-2811
-5315
-13878
-3992
-6821
-14157
-7426
-4890
-22756
-3489
154
-11565
-18473
52398
5194
5761
-7672
-5346
565
2661
14268
9740
-8811
1623
1844
12256
11405
13615
9927
-3822
4318
495
940
4923
2264
1854
2179
1217
1198
1320
1631
1668
1519
1571
1546
1552
1550
1555
1539
1534
1535
1530
1520
1546
1506
1524
1527
1530
1531
1535
1533
1536
1530
1539
1538
1535
1522
1500
1470
1182
1707
1638
1578
1588
1610
1569
1552
1593
1553
1582
1605
1568
1589
1563
1584
1573
1591
1589
1597
1598
1596
1600
1617
1637
1605
1616
1657
1635
1687
1661
1689
1682
1691
1726
1663
1675
2047
2016
2507
1550
1534
980
-104
-257
-1262
2593
2231
-5442
-297
2931
-2349
-6351
8386
7995
-3006
8774
-3022
17388
-9681
7373
-2527
-2994
1113
-4398
6272
174
-9817
25302
26543
29026
100807
-216999
-43181
-28652
-18747
-29341
-14932
-19675
-10841
2426
-10087
-6782
-18590
3680
10784
-5761
-3172
-11048
-1194
2821
-3470
-1966
-2005
-804
-2110
-1688
-2065
-1736
-1667
-1686
-1498
-1503
-1418
-1360
-1305
-1266
-1160
-1087
-1012
-1022
-931
-844
-815
-778
-730
-683
-624
-579
-531
-494
-425
-366
-337
-276
-253
-176
-90
465
-432
-178
-136
-94
-51
-5
99
84
179
208
233
284
325
361
400
442
489
530
577
625
674
686
767
795
883
907
966
1007
1064
1090
1149
1232
1277
1309
1432
1536
1521
1755
2023
1426
1254
2121
3764
4450
2912
-2186
-8834
3155
-5352
7089
3069
-6073
-84
8753
9961
2398
15668
-3622
-3071
-1286
4245
3299
-3934
19140
-1150
20936
23918
-3545
-14374
-16333
-47371
99301
33739
12631
17764
138
7716
7956
1551
2222
-4575
1143
6926
5068
-2399
-1439
-330
-5427
1020
5225
-5222
-1320
-1380
-1369
-1745
-1234
-1842
-1305
-1193
-1403
-1339
-1404
-1423
-1448
-1483
-1503
-1575
-1556
-1574
-1606
-1639
-1652
-1687
-1712
-1742
-1763
-1780
-1801
-1824
-1844
-1862
-1890
-1918
-1948
-1972
-1980
-2054
-2068
-1997
-2052
-2061
-2110
-2141
-2161
-2127
-2166
-2131
-2211
-2221
-2270
-2278
-2283
-2303
-2330
-2352
-2375
-2399
-2412
-2453
-2456
-2494
-2479
-2568
-2589
-2578
-2645
-2634
-2680
-2728
-2732
-2754
-2814
-2784
-2975
-2802
-2901
-2733
-3430
-2960
-3104
-4253
-1834
-1947
1992
108
-17372
-2022
-8478
3256
-14061
-5940
-7661
10818
3856
-1457
-13296
2530
809
-4076
-7443
-28220
-1336
-13741
2655
1060
-10824
-11621
-21185
-66115
163946
32295
16993
18607
6525
11114
22293
17806
5370
1053
2050
5305
9699
11284
6690
11580
6783
4140
-5679
3569
2770
3222
3626
1301
2881
3142
2580
2543
2730
2637
2518
2479
2434
2406
2359
2367
2310
2219
2258
2161
2133
2092
2075
2044
2010
1986
1958
1932
1895
1871
1818
1811
1782
1744
1709
1637
1097
1967
1771
1718
1685
1661
1610
1590
1542
1532
1521
1531
1472
1418
1414
1384
1374
1343
1320
1294
1269
1229
1213
1214
1159
1142
1120
1111
1031
998
1017
950
915
879
913
843
726
803
740
703
1014
522
789
1988
1656
-7329
-1861
1559
4164
-6066
4274
12669
-5213
-6539
927
5200
6228
13949
277
10328
-2565
-13040
-12465
-712
-701
1030
-2767
-11345
11900
19840
40115
85231
-198204
-40019
-29449
-17912
-19498
-11217
-23567
-3868
-5425
-6360
-4751
-3323
-2820
-1585
5928
-1627
10815
1125
-5724
1464
-1639
491
1755
-964
-1676
-523
-450
-497
-433
-436
-355
-337
-313
-264
-252
-197
-158
-125
-100
-63
-77
-11
18
70
98
119
147
178
209
247
271
301
332
352
411
460
862
250
371
447
493
524
546
556
592
591
658
695
705
770
785
834
844
876
908
941
961
1004
1022
1074
1095
1158
1218
1196
1297
1276
1315
1352
1406
1452
1504
1555
1555
1617
1610
1821
2029
287
1351
2323
-1448
4618
-2409
-3802
6172
1799
9495
7165
10722
3493
-638
-4548
5519
-5407
11571
-1824
4949
338
10799
24911
14160
14038
11251
9233
-1024
9301
-15905
23446
-47973
-13382
-879
7595
4410
7896
-5129
-16070
-3387
-3593
6781
-8601
-10566
-4870
-157
-8746
-1253
45
3682
-2927
-6914
-1600
-733
-1871
-2143
-1381
-1879
-1767
-1748
-1679
-1659
-1599
-1567
-1553
-1528
-1533
-1472
-1461
-1428
-1430
-1404
-1364
-1365
-1357
-1340
-1325
-1310
-1298
-1283
-1277
-1260
-1244
-1248
-1223
-1188
-1098
-827
-1349
-1167
-1222
-1175
-1184
-1180
-1173
-1136
-1106
-1165
-1105
-1088
-1098
-1084
-1082
-1086
-1064
-1058
-1051
-1038
-1045
-1038
-1012
-982
-1029
-1021
-924
-1014
-990
-987
-973
-956
-962
-964
-922
-946
-1023
-961
-1540
-1062
-990
1212
-2434
1974
-2006
-2871
3119
-14137
-6937
4591
3135
1069
-2318
3490
-10498
13795
15470
2809
1756
-12818
1309
19419
-11767
-1385
10267
6571
4334
-33011
-24123
-25052
-83890
216030
40024
33584
4475
21326
14465
11417
3201
2848
11654
10413
-3936
5255
6147
11758
10481
7871
1360
8121
3264
2894
2812
2066
2090
2029
2255
1839
1982
1711
1570
1552
1496
1420
1347
1288
1177
1145
1079
972
929
866
812
759
733
675
616
563
512
466
411
369
305
252
233
129
42
-497
339
118
78
69
1
-58
-126
-148
-225
-232
-286
-337
-367
-417
-467
-499
-545
-590
-633
-685
-719
-781
-825
-823
-924
-953
-1040
-1060
-1076
-1125
-1222
-1273
-1313
-1339
-1453
-1583
-1483
-1602
-1880
-2126
-2634
-1433
-819
1659
-607
-4657
-1244
-13144
4228
6352
-7330
-2471
-4774
136
-5198
-1875
424
-10531
-11078
-1606
-15715
-11829
-7864
-10564
-12744
-17773
-23999
12979
2165
18292
45298
-96738
-8718
-9475
-588
-3620
14759
1500
6589
-3449
-3530
2248
-973
-4313
2219
-4237
11227
2157
-1091
397
846
-2026
-197
958
-448
470
-26
346
-96
286
254
279
324
380
425
474
542
625
620
653
688
709
723
790
809
838
867
896
919
956
981
992
1020
1054
1070
1081
1112
1205
1130
1171
1228
1207
1257
1258
1292
1323
1305
1342
1340
1403
1386
1445
1449
1468
1495
1508
1525
1556
1548
1587
1606
1650
1662
1696
1720
1717
1739
1760
1799
1807
1832
1841
1975
1872
1865
1606
1711
2295
1700
2465
2520
1292
1949
1453
-2433
-3726
6337
10141
12046
-8634
9647
-5012
1799
12858
-851
-2473
4995
-3984
16955
2903
13315
343
3503
6772
2427
14020
18767
45355
80365
-168607
-43836
-19508
-3491
-10763
-8096
-14735
-5917
-12696
-3608
-12194
-1829
-6204
-8945
-1891
7321
-3542
2278
-4767
-1404
-5792
-1201
-1215
-2355
-1799
-1464
-1777
-1782
-1508
-1637
-1548
-1507
-1467
-1437
-1455
-1377
-1353
-1279
-1220
-1266
-1215
-1206
-1172
-1139
-1122
-1094
-1068
-1043
-1016
-1002
-955
-949
-913
-902
-831
-728
-212
-1155
-997
-882
-844
-831
-804
-760
-754
-715
-688
-670
-636
-611
-608
-562
-569
-542
-526
-511
-491
-463
-428
-403
-390
-375
-349
-363
-295
-285
-266
-225
-215
-190
-211
-146
-183
-37
-12
151
-250
-222
-398
621
-3321
-2092
-821
403
-1405
-8618
-4745
2022
-9264
613
-16533
11068
-144
2597
766
-3472
11914
9141
4507
2414
6759
5805
15026
15324
-2466
-23693
-30585
-79528
204758
33853
38658
9028
18371
10528
720
-2357
2568
1045
5938
-2563
7940
344
3862
-12615
11306
-520
3320
1743
-2030
1075
-941
683
541
215
657
335
446
202
216
138
65
-3
-37
-18
-116
-189
-202
-231
-303
-274
-351
-377
-406
-426
-455
-484
-522
-530
-563
-599
-680
-655
-741
-767
-1151
-551
-690
-719
-806
-829
-791
-855
-891
-873
-918
-946
-964
-998
-1021
-1032
-1063
-1085
-1103
-1131
-1139
-1156
-1186
-1241
-1237
-1251
-1311
-1322
-1316
-1372
-1341
-1395
-1421
-1429
-1481
-1497
-1425
-1422
-1489
-1647
-1421
-1261
-713
-2254
-4343
-3200
2324
-5538
-4922
3838
-8812
-12315
-15039
-15376
-6031
-1233
-8667
-5335
-371
-20403
-7254
-5460
-3731
-9869
-776
-6609
-19244
-1318
5607
-1707
384
-15614
28813
4040
3650
16046
2239
-8188
-1934
17434
-9093
3920
-11159
13270
8377
12490
2680
4643
14907
14741
5884
2113
510
4060
4639
2551
2328
2665
2782
2711
2396
2477
2511
2441
2408
2353
2325
2305
2296
2237
2198
2130
2131
2136
2112
2078
2056
2039
2020
1994
1968
1952
1941
1921
1896
1842
1840
1809
1539
1989
1861
1839
1793
1813
1748
1754
1785
1721
1710
1712
1680
1681
1652
1652
1622
1604
1594
1580
1557
1556
1539
1498
1501
1475
1462
1460
1415
1435
1421
1377
1360
1335
1347
1328
1330
1345
1753
928
960
1085
800
662
1123
2422
5720
3741
1035
8566
1746
-6256
10821
-3131
12774
-17654
-13760
-12853
-219
-12860
-5762
-9170
4821
-1367
-12484
1474
5748
-5771
18011
31680
24148
90703
-219147
-46829
-32829
-15669
-26345
-6980
-23826
-21142
-5528
-11867
-12533
-5932
-19433
1990
-6076
-5598
9628
-2083
-1195
-4053
-2077
-4967
-3372
-1643
-2615
-2270
-2083
-2196
-2164
-2170
-2073
-2025
-1957
-1879
-1819
-1746
-1652
-1600
-1533
-1505
-1483
-1376
-1325
-1301
-1233
-1190
-1142
-1100
-1053
-1009
-952
-912
-860
-817
-740
-645
-89
-978
-744
-735
-656
-637
-576
-554
-486
-446
-406
-350
-351
-309
-266
-212
-188
-145
-112
-75
-37
-14
33
70
89
156
205
207
280
312
333
360
405
432
433
565
665
543
332
178
1308
107
4
852
-312
2116
-2869
-2242
9639
4031
-6715
4689
4450
-3622
-3152
20211
2101
3644
9718
16011
13275
-559
8687
9895
8049
16645
12917
23417
-11926
-14757
-10549
-41236
85017
16687
7931
10795
6641
3248
-859
-1150
6867
2051
7600
1552
-4277
-8700
13369
6366
4672
6315
-6481
782
-892
134
-1288
-30
-653
-1026
-756
-621
-624
-523
-513
-497
-507
-523
-530
-534
-561
-587
-573
-658
-665
-677
-707
-696
-722
-750
-766
-786
-803
-830
-833
-852
-872
-873
-885
-902
-946
-930
-972
-962
-980
-992
-1029
-1082
-1063
-1124
-1071
-1132
-1107
-1140
-1156
-1165
-1200
-1210
-1235
-1253
-1274
-1291
-1325
-1301
-1354
-1336
-1388
-1380
-1419
-1400
-1455
-1496
-1505
-1523
-1558
-1495
-1452
-1863
-1820
-1463
-1222
-1781
-3252
-2995
1406
-2044
-1875
-7703
231
-9325
887
-3640
1622
-10714
-2586
-7896
-6742
-12393
3622
-6000
-15025
-14357
-9570
12648
-5986
8308
-3652
-10644
-20051
-35840
-17160
-72336
159053
44069
26184
9715
2463
9121
3109
10528
8218
-1360
-451
5272
14558
8738
-9049
-3194
-946
8977
-898
4775
3053
3413
1852
3492
3180
2263
2391
2461
2411
2252
2290
2156
2090
2046
1966
1903
1816
1808
1777
1679
1670
1630
1603
1537
1491
1453
1417
1382
1345
1302
1275
1245
1206
1163
1084
1013
532
1375
1139
1171
1089
1018
988
1005
915
906
906
856
827
782
798
761
726
706
677
649
627
603
575
573
523
499
489
484
409
389
359
324
289
255
227
189
97
303
385
706
350
41
-152
51
-904
-2544
-4014
1738
-477
-11687
-6609
1204
4872
8429
248
-4358
-6958
47
-13745
-1300
976
-11604
-4047
-5139
-7797
-18367
-5601
-6585
18424
23535
46240
77599
-189325
-51795
-14040
-16566
-9535
-14230
-1293
-16988
-1663
-459
-9341
-6595
-3020
3250
-3794
-5644
-23394
-4505
-4150
-3769
-2300
-1932
-3090
-2369
-1775
-1969
-1643
-1651
-1680
-1492
-1353
-1285
-1191
-1091
-1018
-952
-882
-773
-727
-651
-546
-534
-487
-435
-374
-319
-267
-212
-166
-104
-73
-30
13
82
111
241
570
39
136
226
277
303
349
396
490
459
523
561
591
647
662
720
757
794
830
865
910
948
981
1014
1099
1109
1150
1197
1250
1293
1310
1360
1406
1437
1475
1523
1566
1539
1339
1794
1899
819
1554
1244
-60
-2114
4313
-1763
-10840
3657
2032
1110
1440
4443
4543
3832
9295
5898
14015
360
9292
11761
18471
17864
612
10012
19898
21025
2648
160
14261
16428
-41431
-10471
-344
-2149
-10216
-684
1924
3251
5938
-10568
-7646
6214
5285
382
-13720
-8439
292
-3661
-1258
-1787
2655
-1233
-724
-1154
-1010
-1218
-1251
-1547
-1435
-1333
-1425
-1430
-1409
-1386
-1436
-1354
-1454
-1376
-1375
-1403
-1403
-1385
-1384
-1389
-1384
-1386
-1384
-1380
-1382
-1367
-1376
-1374
-1371
-1342
-1337
-1299
-1031
-1518
-1456
-1393
-1389
-1378
-1415
-1342
-1401
-1326
-1358
-1309
-1330
-1338
-1323
-1329
-1305
-1307
-1301
-1293
-1279
-1287
-1258
-1243
-1257
-1250
-1225
-1226
-1167
-1201
-1170
-1157
-1136
-1095
-1099
-1049
-1066
-712
-1056
-770
-392
-858
-1415
-3545
-1446
1139
-2126
-1171
610
-8681
-5653
2783
-5138
5542
-8771
-12472
-16865
5194
-20668
9841
2776
-12029
2391
-7043
14303
-7686
16105
953
-15732
-25552
-34848
-83504
226062
49356
27533
25570
26576
26740
20185
2910
12117
1361
5823
4498
-838
-1900
-10870
4675
6632
5447
5266
5691
3601
5099
2317
2928
3792
2992
2698
2376
2275
2197
2122
2011
1917
1830
1723
1668
1566
1506
1459
1389
1317
1261
1246
1165
1106
1046
991
941
893
824
797
739
679
629
562
467
-102
764
591
522
454
425
386
340
238
291
231
165
120
99
48
5
-41
-68
-108
-147
-177
-235
-261
-318
-344
-390
-410
-484
-529
-597
-617
-678
-717
-762
-829
-900
-952
-884
-1182
-1109
-997
-798
-1408
2023
-2330
-4549
-6876
-3029
-2421
3107
-12398
3504
-6920
-11422
2655
-1342
-6324
-12334
-3845
-5302
-12229
-7601
-18036
-19141
4750
-13082
-17119
-18439
10804
14526
32211
32649
-99907
-30113
-5546
-6004
6764
4072
-9286
3664
9737
7159
8392
-8593
1142
15126
-8491
-10154
-2024
362
-6589
-6083
-591
-1040
-860
-457
-864
-919
-690
-451
-358
-384
-182
-150
-64
-14
73
87
199
242
313
317
367
429
457
473
514
561
597
633
657
696
722
747
764
824
846
907
945
930
898
957
988
1025
1082
1061
1075
1095
1123
1180
1162
1223
1230
1271
1278
1306
1331
1352
1378
1407
1410
1468
1501
1462
1555
1558
1619
1639
1628
1660
1682
1711
1760
1730
1756
1822
1987
1707
1944
2057
1908
1426
1219
-1509
1414
2223
-8529
-6772
14604
5318
-2000
-5631
13627
17582
-549
1754
9652
5969
13604
2514
9802
12934
5715
6958
-4890
5984
15713
16379
35162
76375
-150744
-39539
-26931
-5106
-12845
-10819
-28039
-15633
-8994
-7226
-175
-3028
-4133
60
-4303
-5960
-4771
3562
-1289
457
-2786
-2129
-2090
-555
-2131
-1596
-1708
-1856
-1818
-1732
-1650
-1636
-1592
-1576
-1515
-1566
-1478
-1424
-1416
-1406
-1350
-1327
-1299
-1288
-1258
-1226
-1201
-1177
-1143
-1132
-1095
-1098
-1046
-1009
-945
-880
-408
-1291
-1107
-1011
-989
-959
-927
-928
-895
-850
-815
-834
-800
-790
-760
-740
-724
-708
-692
-676
-664
-632
-622
-585
-588
-571
-510
-499
-560
-483
-475
-476
-467
-450
-446
-459
-380
-365
-546
-168
-236
-1394
-411
-839
-2231
805
-5102
-1758
1307
-6688
-2541
-4125
8793
9036
-3751
5164
3311
4063
-2588
15420
7780
11920
-8202
1797
12596
12544
7323
12207
-21037
-17876
-39507
-79510
201326
42097
13910
18799
12519
8916
-5741
-4631
-17578
451
-895
10481
8187
15197
2111
-1731
5919
11700
1136
254
155
2609
3502
1589
999
1675
1087
1191
1013
904
853
745
671
597
526
452
436
354
286
188
160
130
75
0
-35
-72
-123
-166
-213
-248
-278
-352
-392
-433
-477
-580
-974
-376
-490
-588
-607
-671
-714
-778
-796
-851
-853
-880
-913
-958
-1014
-1040
-1074
-1110
-1149
-1185
-1223
-1275
-1287
-1358
-1383
-1424
-1450
-1485
-1552
-1601
-1652
-1683
-1754
-1816
-1878
-1876
-2051
-1995
-2087
-2171
-1191
-2830
-1863
-1106
-2437
-7177
-4373
-3615
-3843
1813
-15393
-4041
3708
-10245
-993
-14306
-3060
3828
-5215
-12129
-4071
-11518
-371
6082
143
-1202
-8663
-12209
-7824
-8681
-741
-23907
36478
8254
12894
7815
22784
-5483
11376
11318
-709
-3289
6549
5431
2694
8821
2370
-6058
-1099
-1986
-849
584
690
1942
2272
1648
2119
1125
1708
1196
1505
1624
1512
1560
1564
1574
1587
1556
1601
1547
1612
1579
1585
1592
1578
1571
1577
1571
1576
1576
1570
1563
1550
1585
1550
1547
1552
1507
1257
1763
1642
1649
1640
1604
1589
1564
1609
1633
1607
1612
1624
1608
1615
1628
1622
1622
1627
1627
1634
1642
1666
1643
1671
1647
1634
1638
1691
1677
1710
1727
1756
1766
1758
1807
1730
1849
2098
1492
1781
1905
2344
1802
5399
8161
8520
5152
-4320
1897
-2770
-3441
3152
-6016
4370
6154
-17389
-11542
1341
7531
-1348
258
-2679
-8219
-996
13072
9303
2211
22289
26758
35254
85125
-216907
-43096
-33520
-15644
-16645
-13569
-11094
-2612
-9583
-9599
-6783
-15924
-8206
-1974
-4243
-10560
-5430
-5620
399
-7424
-3307
-3868
-2864
-3471
-1931
-2382
-2604
-2120
-2261
-2083
-1958
-1913
-1836
-1737
-1683
-1618
-1588
-1441
-1448
-1354
-1300
-1237
-1197
-1136
-1078
-1033
-978
-935
-869
-832
-740
-731
-655
-640
-540
-470
83
-745
-561
-497
-443
-386
-317
-293
-261
-231
-149
-89
-54
2
19
63
109
167
209
255
291
328
407
429
499
555
571
646
733
775
820
841
922
1000
1055
1071
1187
1424
1171
1254
1203
1817
2312
2562
-19
1794
6212
-932
22
10447
-100
8159
7081
9790
6939
-1745
-1597
-769
6675
7063
-7079
3043
9144
18638
22077
9966
9173
16219
-15985
-30067
-13987
-34110
90304
32048
11930
-2871
5694
8325
11235
-3628
14881
2353
7531
153
5453
-6484
3902
7026
5669
3189
-1369
1657
-617
-810
339
-846
467
464
412
53
90
-166
-176
-275
-337
-392
-425
-471
-562
-589
-631
-696
-740
-766
-799
-813
-865
-895
-926
-963
-993
-995
-1037
-1091
-1104
-1122
-1165
-1235
-1242
-1228
-1247
-1204
-1264
-1283
-1287
-1356
-1372
-1436
-1457
-1444
-1454
-1489
-1499
-1521
-1542
-1568
-1588
-1608
-1632
-1655
-1674
-1688
-1695
-1747
-1761
-1751
-1813
-1801
-1847
-1871
-1881
-1907
-1909
-1934
-1924
-2209
-2009
-1669
-2498
-2200
-1844
-2751
615
-2516
-4900
4195
-9029
-1253
5475
1488
-3172
-9914
10156
-10059
274
-8000
-22241
-499
-6837
-12212
-1
7058
-6583
-5200
-20132
-16307
-16651
-11088
-20481
-61438
159591
46834
17337
10107
23586
20858
2560
9587
11293
10195
9751
1454
6373
5872
4274
-240
21217
1901
2890
5470
-927
300
1761
1926
2157
2181
1958
2018
2107
2071
1974
1954
1931
1904
1853
1846
1813
1742
1736
1719
1620
1661
1600
1579
1541
1514
1486
1462
1423
1388
1371
1313
1274
1265
1201
1101
614
1467
1274
1211
1198
1123
1133
1080
1028
1021
986
960
924
893
885
839
805
784
751
718
695
653
636
583
550
493
473
456
385
366
314
253
214
157
97
1
106
-246
-34
-309
-506
-912
-2322
-2088
-601
-3991
1902
3605
-1561
355
-8651
-2509
10
1754
-6174
-6414
-86
3429
-9002
-4324
7408
-2653
-3507
-639
-2447
-6268
-12348
-2032
16370
31941
38603
85102
-206126
-38018
-24376
-20545
-19512
-1757
-11207
-4751
-6092
2844
-188
-8201
-12233
-7050
-14854
-2643
-2114
2030
-11151
-2838
-338
-1453
-1957
-2063
-1657
-1837
-1551
-1527
-1495
-1098
-1039
-976
-908
-796
-754
-670
-569
-495
-440
-415
-338
-270
-201
-155
-96
-44
10
69
124
168
224
284
367
381
440
519
947
333
477
533
624
689
706
729
831
848
911
923
990
1036
1066
1121
1181
1223
1271
1317
1370
1414
1464
1526
1552
1619
1642
1733
1814
1816
1946
1986
2041
2102
2180
2267
2271
2403
2479
2378
1855
1846
2782
2700
4296
-550
8129
4055
7504
-723
7655
17890
-856
984
11804
3015
3320
8351
-5412
4681
7869
16892
347
7047
6182
22344
14967
8598
22092
9955
4852
19618
-41275
-20799
6751
-4056
-6490
-14354
3168
-3160
3613
-475
6063
-5792
-5697
-10269
8278
-8285
-3183
1214
-1127
577
-1
347
-1117
-1641
-1285
-1262
-1654
-1223
-1585
-1607
-1476
-1485
-1521
-1534
-1535
-1592
-1600
-1607
-1612
-1632
-1629
-1621
-1666
-1662
-1683
-1689
-1696
-1703
-1706
-1705
-1736
-1724
-1751
-1766
-1778
-1710
-1455
-1987
-1895
-1910
-1955
-1877
-1914
-1893
-1890
-1951
-1939
-1942
-1957
-1991
-1990
-2011
-2040
-2048
-2068
-2090
-2109
-2129
-2164
-2168
-2200
-2250
-2267
-2281
-2276
-2312
-2366
-2397
-2438
-2477
-2527
-2652
-2843
-2828
-2591
-2982
-2614
-4662
-3377
-3699
-8126
-2666
55
7026
-1864
-2558
3007
-5141
1748
-2398
-13544
-38
12166
1263
-8626
10164
-6997
-8532
3186
14252
-11852
-4142
3330
-3734
81
-38017
-41838
-102902
228773
51498
38711
24337
19095
2805
6682
-1034
8529
-5939
-2180
2081
8744
521
6219
8934
16092
4130
1512
-862
2542
3762
3494
2159
2608
1933
1874
2123
2015
1814
1752
1706
1646
1592
1538
1490
1436
1394
1338
1284
1203
1176
1150
1079
1064
1021
975
938
890
857
813
797
709
671
601
497
-25
898
695
661
501
517
488
396
416
355
328
312
279
236
206
176
146
104
68
34
-1
-56
-90
-112
-175
-180
-199
-245
-292
-335
-381
-369
-433
-463
-539
-582
-629
-686
-561
-211
-875
-371
831
-68
-2089
29
-7605
4466
10254
657
16844
15038
-4534
-4474
11973
893
-21731
-9571
156
-3880
-8549
-11034
-4059
-8418
-17029
2108
-16389
-14221
7840
7184
7537
48090
-86208
-30483
-14960
-8829
-1987
-4360
-7172
-266
-12532
-3303
-2657
-57
-3187
-8328
-6488
-7237
12855
3123
-2300
4075
-2893
-881
-83
-673
-82
-402
-187
113
-9
136
209
297
361
401
479
541
588
589
660
675
684
766
816
841
869
899
937
969
1008
1036
1048
1087
1110
1155
1192
1266
1264
1212
1303
1314
1332
1329
1371
1385
1439
1482
1501
1538
1562
1585
1586
1627
1670
1690
1718
1750
1794
1824
1835
1877
1884
1908
1958
1998
2020
2146
2167
2204
2267
2320
2407
2526
2522
2802
2627
2989
2963
2573
3932
5196
7094
7541
9167
10227
15286
5405
9516
-8626
2368
736
16361
12586
-1592
-4196
-6981
11706
-4494
6426
7485
-2373
7587
11453
10453
14869
9040
13335
33985
68299
-152522
-44276
-19833
-16110
-10109
-17140
-22348
-4957
-2290
-2406
-6898
-5351
-15475
-9364
-10750
-75
63
3681
-6631
-673
-959
-1062
-902
-1975
-1739
-1513
-1687
-1674
-1676
-1617
-1616
-1596
-1572
-1563
-1494
-1519
-1477
-1456
-1380
-1404
-1361
-1346
-1296
-1270
-1255
-1240
-1210
-1181
-1160
-1123
-1110
-1068
-1060
-1021
-1006
-882
-420
-1270
-1103
-1008
-970
-941
-943
-911
-845
-829
-818
-799
-764
-732
-722
-713
-671
-660
-636
-610
-592
-543
-540
-518
-497
-438
-464
-448
-392
-391
-356
-314
-304
-286
-273
-171
-154
-163
-6
-188
270
-434
-926
1410
-1269
1491
4489
-1567
6203
6048
745
-6818
3465
10692
8565
-2247
-1453
3660
-1813
-5754
-2554
13332
11942
-2134
-6002
10100
13316
6420
-14432
-35930
-36102
-81455
187138
32297
25405
18801
13839
20559
4921
9011
1273
4564
12845
-5202
-9238
5925
9998
4085
-2516
-1461
4629
-557
1540
2486
2345
419
1553
1713
1083
1242
1062
1120
959
876
811
746
675
583
554
500
446
401
351
288
225
184
154
102
59
17
-27
-56
-114
-172
-197
-243
-315
-343
-720
-180
-301
-323
-422
-451
-527
-564
-577
-585
-619
-722
-694
-753
-788
-827
-858
-896
-932
-963
-995
-1042
-1037
-1135
-1127
-1185
-1272
-1269
-1294
-1370
-1391
-1448
-1493
-1513
-1631
-1597
-1708
-1653
-1909
-1514
-2159
-2402
-1399
298
-2039
-4235
-3772
-5753
-13003
4120
-21612
-7897
-2313
-5370
-1085
1696
3072
-12698
-5007
-2861
-9538
2618
-14464
-14680
-5506
3614
-1093
-16068
-3983
-572
-11760
-18674
42240
8673
4079
-1905
3763
2493
8634
7141
2899
379
-501
5235
-4355
346
2579
5365
-3948
1983
-5148
6514
509
1604
2883
1208
601
1382
1034
1258
1306
1103
1182
1206
1217
1229
1165
1173
1171
1165
1222
1186
1205
1179
1184
1190
1201
1177
1183
1179
1174
1188
1195
1183
1177
1156
1153
1108
827
1342
1263
1209
1213
1204
1222
1205
1152
1170
1174
1197
1175
1180
1184
1170
1172
1175
1175
1178
1168
1175
1145
1149
1176
1177
1144
1141
1166
1148
1179
1118
1128
1105
1096
1153
1061
1078
935
1186
1207
928
-171
-396
136
-1032
20
-3094
-1721
8723
21492
-2772
-710
-7283
14458
-7793
972
3013
-368
-1608
5297
-5040
-904
3676
11092
-5621
-8470
-1842
16223
25384
31470
101859
-211786
-57787
-18931
-23091
-19336
-9375
-5326
11509
-3428
-13923
-9106
-7732
-11489
16588
-8993
2775
12989
-12774
-3365
978
-5251
-3080
-2135
-2959
-3175
-2375
-1737
-1691
-1625
-1579
-1449
-1343
-1280
-1220
-1153
-1039
-991
-943
-915
-807
-850
-767
-697
-678
-617
-572
-531
-489
-448
-412
-373
-330
-263
-235
-178
-51
458
-439
-191
-145
-84
-4
-17
29
86
146
121
166
219
267
274
318
355
391
428
464
498
533
583
638
661
712
724
785
848
865
893
979
1014
1063
1114
1159
1238
1241
1423
1155
1783
1216
1212
812
1782
3663
4756
-1074
214
-3832
-1716
2591
7765
7741
2609
1673
-845
2535
9864
-3996
1859
9331
12040
-7274
1491
11607
14587
1832
-6021
-24652
-6679
-35580
104911
33248
12487
-7382
15917
17158
-514
174
-3440
-14790
5930
-4307
717
-3235
11341
9824
2321
2084
-7025
-649
-1535
-681
191
-231
-924
-667
-717
-721
-754
-857
-906
-939
-986
-978
-1046
-1087
-1061
-1109
-1122
-1203
-1231
-1270
-1290
-1290
-1316
-1344
-1367
-1388
-1410
-1437
-1464
-1498
-1505
-1490
-1570
-1622
-1674
-1616
-1658
-1608
-1683
-1711
-1710
-1759
-1776
-1776
-1836
-1823
-1848
-1899
-1917
-1914
-1959
-1989
-2016
-2042
-2064
-2101
-2142
-2160
-2192
-2221
-2243
-2290
-2337
-2360
-2430
-2463
-2499
-2550
-2608
-2656
-2654
-2652
-2562
-3163
-2899
-3072
-4240
-5393
-3871
-9566
-3985
-2203
-4227
-6034
4182
-14629
-5872
-9380
-4937
-5277
841
-23109
-4757
6530
-13127
-9214
5415
-8594
125
1764
-8140
-2478
-6427
-10959
-29296
-58498
154876
51285
24819
10512
14962
16410
10291
11219
1827
12683
14513
14656
-4046
3457
3640
2738
4889
-6735
2094
9226
3175
1644
2247
3981
1193
2858
1939
2444
2087
2019
1999
1971
1929
1901
1843
1843
1775
1748
1746
1764
1680
1656
1632
1613
1584
1565
1545
1526
1495
1479
1456
1420
1424
1395
1339
1223
781
1601
1467
1378
1346
1394
1330
1297
1281
1272
1247
1210
1225
1194
1165
1151
1147
1124
1114
1100
1086
1078
1033
1025
1030
969
979
989
948
1003
965
951
927
912
908
878
980
875
1113
1101
908
-384
869
-647
1937
1741
3344
10204
-2207
5431
8689
-5050
-5066
-6475
4117
-4594
342
6343
-12770
-16042
-17335
-2976
-9450
-17569
-8591
-6002
-10835
-25378
13187
12620
38138
81822
-194245
-48074
-40928
-10085
-16217
-11778
-17968
488
-21121
-3451
-9439
7220
-5002
-17056
5892
-8319
8179
3116
564
-2987
984
-1037
545
-1698
-693
-598
-580
-375
-456
-266
-251
-209
-134
-88
-60
33
48
123
159
196
218
289
309
375
391
425
462
496
539
579
618
654
683
702
791
852
1197
630
747
853
876
915
969
977
1020
1077
1079
1113
1132
1183
1207
1240
1299
1330
1364
1404
1437
1481
1526
1568
1590
1643
1681
1719
1816
1869
1856
1949
1997
2058
2058
2184
2313
2243
2252
2389
3354
2336
2305
1713
3908
-149
4419
-748
9246
5184
-2613
3952
12627
14994
2850
4125
-6862
12495
7305
-3335
10572
8778
-1282
-986
8832
9560
2453
10316
-9395
1466
20020
13285
-45561
-7202
4020
-5894
-11030
-8545
-1135
6453
-2429
-5623
-5623
6074
-483
-4238
-7109
-11591
-11869
-8522
1728
-2960
-1918
-4000
-915
-2771
-1587
-1670
-1695
-1588
-1767
-1890
-1803
-1805
-1799
-1784
-1806
-1766
-1778
-1822
-1793
-1754
-1737
-1746
-1757
-1735
-1737
-1738
-1732
-1729
-1716
-1717
-1723
-1695
-1695
-1679
-1710
-1654
-1355
-1865
-1829
-1752
-1706
-1745
-1736
-1769
-1705
-1724
-1707
-1754
-1743
-1756
-1761
-1742
-1756
-1765
-1769
-1778
-1785
-1789
-1796
-1789
-1794
-1831
-1818
-1788
-1853
-1883
-1912
-1922
-1941
-1952
-1994
-2037
-2040
-2027
-1701
-2567
-2082
-2494
-1117
-3785
-3256
-6570
-4418
-3522
-12163
-13573
-4321
4000
2477
4750
-3560
-8527
17555
809
4780
1948
-169
2353
-15322
-2348
-5225
12469
-779
2415
-22524
-25438
-42818
-99994
229813
44070
34302
22691
26275
2681
15937
6466
10935
2425
-6813
5353
15545
3276
8965
3348
4098
2110
4766
4260
4136
3369
1375
2086
1543
1590
1520
1710
1608
1480
1487
1387
1321
1245
1182
1116
1027
1033
921
877
832
785
720
676
624
584
540
494
446
414
374
342
230
206
155
55
-514
409
216
128
82
55
-30
-14
-68
-103
-133
-204
-232
-293
-323
-338
-369
-405
-443
-477
-517
-555
-610
-614
-656
-747
-722
-786
-795
-842
-886
-952
-979
-1014
-1104
-1181
-1120
-1329
-1159
-1029
-723
-1486
-1646
-1500
255
-1683
-2607
8788
-2707
-4500
5818
-3461
-5638
-6
-5785
-3596
-7694
-6661
3624
9271
-7513
-5033
-19399
-21911
-20525
-23920
-10763
-24716
10956
17572
22891
42886
-90240
-26805
-9488
5364
-4332
-1398
-13218
-7578
-1315
2820
-6437
-1854
-3472
-4384
9762
3230
8472
-2646
-5201
1690
-1226
405
1398
1493
647
938
786
751
761
800
861
906
938
971
965
967
1015
1039
1112
1091
1095
1139
1141
1183
1197
1215
1239
1263
1277
1278
1328
1336
1349
1338
1374
1426
1444
1416
1418
1433
1466
1485
1532
1547
1510
1535
1579
1568
1628
1623
1629
1649
1665
1682
1702
1718
1733
1759
1783
1815
1808
1839
1882
1865
1886
1940
1961
1967
1983
2024
2023
2022
2014
2471
1979
2227
2652
1650
3228
2403
3312
3455
-1724
5218
4080
-5661
5191
14219
3408
2969
-5525
531
2234
8540
3227
15647
-282
9168
3821
10703
17049
-5242
-1255
9525
5030
18646
28681
72533
-155529
-25203
-34788
-15318
-5699
-10270
-11177
-542
-5709
-11025
-11697
-5681
6435
1439
-3049
-7744
-3055
-4260
4344
-6795
-5111
-4668
-1666
-2622
-3388
-3054
-2651
-2680
-2602
-2600
-2526
-2479
-2429
-2375
-2323
-2244
-2161
-2136
-2152
-2061
-2017
-1963
-1937
-1892
-1853
-1814
-1772
-1735
-1702
-1663
-1631
-1581
-1532
-1500
-1422
-1370
-851
-1704
-1503
-1435
-1357
-1307
-1295
-1277
-1242
-1224
-1139
-1111
-1075
-1064
-1036
-1003
-962
-928
-894
-859
-822
-794
-752
-731
-683
-654
-612
-573
-492
-485
-425
-371
-321
-270
-215
-166
-8
270
134
-327
-314
-824
974
1575
-1710
486
5280
1664
2185
7341
410
6103
-893
7117
-1618
5496
-999
5721
7099
173
-1036
-5045
1968
8850
9537
4964
6705
-900
-9462
-17672
-33756
-87351
190534
47124
39011
15657
1211
12674
11129
16276
-5339
15873
9816
589
-5930
-8063
13145
7066
5553
1441
2531
-424
2946
-201
2870
1242
2228
1331
975
1202
1209
972
889
836
759
714
629
587
514
476
440
386
322
268
218
188
150
104
58
19
-24
-63
-98
-166
-196
-223
-297
-383
-721
-147
-291
-371
-428
-441
-466
-557
-558
-578
-613
-701
-692
-727
-781
-809
-852
-885
-921
-962
-991
-1021
-1063
-1105
-1157
-1213
-1232
-1269
-1306
-1366
-1443
-1486
-1540
-1596
-1668
-1689
-1813
-2078
-2122
-2125
-2069
-1667
-807
-1909
-4733
-1698
-419
550
-456
-4452
-3315
-1700
-3320
7837
-4862
-10100
-7887
-10310
1387
11475
-27913
19267
-7827
-9548
-4553
-1576
-17827
-14531
-5178
450
-754
-19923
28049
9319
4694
14447
16914
1315
14496
8973
11257
-3066
2764
4360
13528
12839
3901
-2012
-6974
3262
-2180
-1252
2162
1357
1024
1729
2581
2488
2313
1856
2204
2070
2024
2074
2048
2038
2005
2001
1962
1992
1984
1950
1955
1920
1892
1875
1856
1852
1837
1823
1800
1792
1784
1782
1734
1745
1701
1668
1424
1878
1755
1719
1722
1718
1687
1624
1659
1647
1627
1616
1646
1621
1573
1567
1548
1541
1531
1524
1504
1504
1477
1470
1498
1413
1431
1417
1411
1412
1371
1359
1361
1353
1356
1304
1314
1087
1530
1360
676
2012
1889
-1749
1055
2361
-1206
10207
-14065
1243
7150
-1636
7193
-8054
-9362
10394
2663
5164
2281
-3236
-13252
1414
-1609
204
-3991
12116
-2957
-7984
23267
27272
42636
90583
-213142
-58541
-23382
-8721
-9302
-4844
-10481
-7213
-22553
-3144
-15928
-4128
-6860
-1807
-12303
-4943
6126
-1340
-6108
-6744
-3719
-2459
-2432
-3138
-3309
-2915
-2617
-2399
-2505
-2310
-2340
-2210
-2143
-2062
-1974
-1911
-1884
-1765
-1698
-1661
-1626
-1528
-1464
-1408
-1354
-1297
-1239
-1190
-1132
-1086
-1021
-985
-936
-873
-794
-639
-149
-1001
-816
-723
-669
-592
-538
-475
-452
-396
-333
-300
-280
-211
-172
-118
-77
-34
12
58
106
159
177
257
296
370
421
451
534
553
637
700
747
800
872
960
895
1131
957
1416
667
1188
787
1037
-1010
6415
2826
-5331
4642
5756
17686
3585
3694
11324
-3023
4412
305
20452
9146
-7784
2250
3589
-3443
1375
5645
59
7786
13344
-8802
-9297
-23192
-32338
92536
13509
19227
20880
13922
-4738
-8349
5252
4205
4510
-11165
19765
2384
755
-9571
3996
4686
8127
7075
4707
-89
-921
1387
85
1091
258
380
2
-44
-15
-115
-157
-208
-262
-305
-339
-387
-375
-462
-498
-518
-553
-554
-616
-653
-687
-714
-745
-772
-802
-821
-860
-919
-950
-963
-947
-1022
-1018
-1017
-1067
-1086
-1089
-1146
-1132
-1221
-1178
-1257
-1244
-1277
-1304
-1347
-1376
-1395
-1427
-1455
-1478
-1510
-1543
-1557
-1594
-1638
-1688
-1694
-1735
-1748
-1738
-1858
-1856
-1900
-1935
-1991
-2002
-2075
-2122
-1892
-1914
-1696
-3130
-510
-3978
-4706
-706
-5527
804
-1357
-5469
-11161
-7327
-10112
9254
1198
7535
7131
-603
-9235
-2961
-6552
-15087
-3217
-19983
3989
-16654
-170
-14099
-18637
-23572
-26319
-73682
165488
26850
24776
25191
10014
8730
5030
12354
-4317
-2101
5080
3525
-4240
11785
5666
-2428
7612
-880
2269
4557
3137
1833
3042
3857
3411
2823
2484
2292
2431
2416
2426
2372
2331
2296
2251
2247
2168
2147
2086
2083
2030
2023
1979
1936
1915
1889
1862
1830
1810
1777
1769
1734
1677
1616
1601
1538
1019
1892
1699
1663
1622
1591
1557
1509
1461
1482
1452
1395
1403
1360
1326
1307
1285
1256
1232
1207
1180
1150
1133
1076
1093
1048
976
1019
984
952
852
855
816
787
750
669
687
605
268
-20
-41
471
386
-2162
-1796
-2411
1106
-913
-4143
11953
6336
1238
15231
11043
-9
-11148
932
-3203
496
-4986
-11332
758
-15836
-16249
-4589
-4421
-14930
-15564
20329
20618
40973
74523
-195973
-37390
-22674
-17869
-21472
-12328
-665
-14587
-8699
-8659
-3429
-14663
5136
-1882
8995
46
-12229
-8747
-2023
-2833
-3366
-2707
-2939
-1800
-2833
-2236
-1670
-1672
-1575
-1603
-1461
-1378
-1314
-1237
-1130
-1114
-995
-999
-917
-867
-793
-773
-744
-677
-633
-572
-528
-483
-432
-393
-362
-312
-256
-220
-169
-99
299
-270
-170
-81
-51
1
54
63
160
173
191
253
295
311
366
392
437
477
513
552
587
639
679
711
753
823
828
892
926
1017
1016
1103
1135
1179
1267
1184
1393
1455
1450
1719
1679
984
2822
2641
2464
1700
1554
-1127
4487
2207
3314
-118
8044
-3691
-5823
4917
-1252
-3103
7439
7940
-828
-8388
7516
5915
-2442
14578
9726
15371
13208
12052
-3102
28069
-47446
-6262
-2997
-9902
-5465
-7482
-2069
-4408
7947
-17794
-1281
-7003
-3545
407
-1271
-20888
2816
-9258
-3395
2484
-1331
-3732
-810
-2061
-931
-898
-1364
-1526
-1265
-1275
-1362
-1339
-1341
-1330
-1327
-1325
-1309
-1343
-1295
-1269
-1297
-1238
-1272
-1261
-1268
-1251
-1242
-1231
-1231
-1207
-1217
-1179
-1168
-1160
-1151
-1082
-801
-1348
-1188
-1215
-1206
-1153
-1145
-1134
-1131
-1091
-1096
-1088
-1099
-1066
-1077
-1058
-1063
-1040
-1028
-1016
-1011
-978
-1001
-966
-958
-936
-922
-930
-932
-918
-862
-862
-838
-807
-804
-744
-903
-858
-1078
-993
-400
-630
-1160
360
2734
905
-974
-3711
-3293
-4957
7711
-15470
4622
-2911
402
-7713
-2570
5725
2249
-2877
4035
-3428
6661
-1826
1915
984
-1180
1422
-14841
-26216
-45802
-100248
231194
54145
17238
17125
14721
14096
4926
23430
-2345
8010
510
13891
2892
8264
202
-6961
11398
-3729
2012
4529
2460
3229
2569
3079
2162
2225
1810
2043
1942
1886
1763
1709
1639
1561
1494
1431
1342
1259
1211
1155
1046
1022
948
886
836
773
718
661
610
539
493
434
360
349
267
114
-450
482
279
170
87
42
-37
-82
-115
-175
-210
-255
-303
-370
-420
-466
-504
-563
-613
-667
-725
-764
-826
-861
-949
-963
-1065
-1091
-1195
-1245
-1318
-1432
-1472
-1544
-1616
-1702
-1756
-2182
-1797
-1858
-2848
-2161
-1652
-1258
-2743
-2586
153
-9881
-1111
-14018
-2942
-7879
-8856
-8845
-553
6571
-3252
-4733
-5767
-9464
-6652
-6261
-6401
-1723
-6653
-2394
-5621
-15125
6293
15748
17002
52367
-90420
-26643
-14783
-4428
-12271
-12835
-6402
2446
6954
-3379
7655
1783
1757
-16719
7127
2299
-8660
146
424
353
653
-1231
-671
927
-474
396
468
518
294
529
572
633
667
713
752
811
819
853
881
938
986
987
1030
1078
1104
1130
1161
1197
1222
1245
1283
1319
1354
1380
1402
1439
1483
1418
1487
1499
1548
1585
1581
1608
1658
1715
1705
1682
1749
1761
1809
1823
1849
1883
1907
1939
1981
1999
2024
2039
2064
2119
2168
2207
2216
2279
2317
2353
2404
2444
2504
2541
2680
2700
2613
3146
3616
2680
2158
1099
3077
1549
788
845
12603
13222
4406
3439
-15494
-6878
8971
-2051
12466
1193
387
5736
3026
22643
-3371
-10441
6896
9496
7985
1606
10270
20271
18323
59513
-156511
-31988
-34883
-21395
-11698
-5302
2634
-286
-6974
-8287
-8901
-4587
-108
1298
-9402
7182
-5886
-6973
-3602
-460
1290
-1001
-2580
-2306
-1609
-1577
-2403
-2200
-1802
-1927
-1843
-1831
-1797
-1741
-1695
-1696
-1654
-1607
-1568
-1547
-1514
-1516
-1451
-1459
-1415
-1392
-1365
-1333
-1308
-1297
-1280
-1230
-1206
-1169
-1106
-1052
-560
-1382
-1201
-1187
-1129
-1045
-1070
-1061
-1028
-985
-954
-970
-940
-904
-904
-894
-856
-835
-819
-797
-775
-752
-718
-699
-641
-648
-652
-605
-586
-600
-544
-569
-505
-479
-427
-350
-356
-364
-108
65
124
394
91
424
-1314
1153
-1468
-2841
-16907
-6558
-9641
4109
3039
1075
1975
-302
7298
1255
-5423
252
9233
7993
-2234
-5182
2036
15845
6434
-11019
-27834
-10522
-39321
-82547
186995
50378
10734
12263
2412
1186
-2555
2523
4503
6411
-4765
-11235
-15503
15063
4368
6829
12627
1095
7124
2614
4460
2254
4020
1863
1952
1469
1492
1260
1151
932
893
774
667
574
498
399
349
313
233
179
90
64
24
-38
-64
-116
-168
-214
-253
-292
-330
-369
-382
-457
-492
-617
-947
-390
-513
-628
-596
-696
-709
-735
-761
-776
-829
-884
-895
-956
-979
-996
-1034
-1059
-1090
-1121
-1154
-1179
-1207
-1235
-1298
-1330
-1336
-1400
-1376
-1485
-1493
-1532
-1572
-1624
-1683
-1710
-1739
-1937
-1958
-2259
-1534
-2645
-1100
409
-913
-488
-5774
-159
950
-10612
-4750
-4732
-6874
-17892
3658
-4111
9659
-6943
-3837
-723
-1063
3189
-15287
-18960
-14990
-14853
-11480
-4723
-9347
7113
-548
-10323
24094
6505
23995
9026
-543
7816
2267
13278
7783
-32
8434
-8913
8319
2617
-2619
2075
9664
6946
-2686
4281
1590
-410
143
70
1159
816
858
790
945
1002
1055
1101
1154
1184
1228
1233
1228
1260
1300
1261
1273
1302
1313
1306
1314
1324
1324
1330
1329
1335
1321
1295
1326
1312
1251
1298
1041
1472
1391
1344
1389
1390
1353
1323
1320
1331
1342
1317
1338
1305
1310
1296
1296
1282
1282
1270
1272
1249
1254
1238
1256
1223
1219
1220
1162
1190
1144
1168
1140
1124
1076
1074
1001
1194
837
906
739
1344
1120
87
-799
1520
3691
-951
-6302
3910
292
2321
-6721
12068
-3032
6282
2681
-8473
-2567
6694
5980
-385
3052
-3747
1148
4262
-1979
-11079
11615
15426
41538
96222
-221273
-58439
-22539
-14924
-19349
-24554
5032
10474
-16855
3246
-5511
-8529
-9952
-1703
-6016
-7754
-4520
-1166
-5768
3238
-4865
-2814
-2072
-2154
-1745
-1850
-1874
-1750
-1782
-1746
-1687
-1606
-1548
-1508
-1429
-1361
-1355
-1341
-1199
-1197
-1126
-1075
-1035
-984
-946
-904
-853
-810
-765
-749
-688
-603
-592
-546
-483
-347
156
-737
-532
-420
-371
-374
-312
-249
-207
-193
-161
-93
-95
-32
3
44
74
115
152
191
235
249
299
357
377
385
500
564
508
632
664
696
747
812
862
778
953
1141
660
1333
584
1144
1584
2337
3173
1448
-2479
13877
4713
-1257
1260
1956
-10616
2274
483
960
8476
5420
2819
5649
9634
-4296
6298
7563
3110
5522
12771
22636
-12755
-11931
-12092
-53588
82585
5815
10208
9204
-863
11351
3342
508
-1166
10582
-2362
4218
707
7565
1464
-4691
-7801
398
9616
1667
1595
443
995
-332
-205
190
-403
-335
-277
-282
-373
-456
-503
-575
-551
-606
-680
-667
-780
-749
-757
-803
-849
-879
-903
-930
-955
-983
-1012
-1038
-1046
-1075
-1088
-1105
-1142
-1146
-1222
-1161
-1244
-1245
-1255
-1283
-1315
-1341
-1385
-1345
-1399
-1416
-1452
-1461
-1472
-1495
-1516
-1531
-1556
-1576
-1607
-1619
-1646
-1672
-1691
-1692
-1774
-1759
-1800
-1810
-1839
-1880
-1897
-1939
-2054
-1929
-2198
-2004
-2002
-1774
-2224
-2524
-2964
-2698
-732
-408
4550
-12230
-2150
-6035
-5585
-1444
7030
-4454
16724
-14650
-6575
-14562
-4338
-1852
-6050
-3383
6512
-16133
2782
-1459
-3593
-9688
-7216
-22722
-41327
-53266
153016
30308
19873
18117
10232
12940
1839
20356
-4187
5586
-2773
9951
-5121
16978
1792
-2572
6729
3265
-44
7251
395
1173
3648
2263
2771
2177
2275
1973
2189
2153
2033
1988
1950
1917
1864
1813
1828
1798
1777
1721
1685
1677
1646
1591
1588
1558
1535
1508
1487
1470
1411
1392
1367
1324
1275
1202
731
1513
1438
1350
1273
1272
1229
1198
1131
1122
1099
1099
1108
1050
1026
1025
984
963
945
925
895
878
863
866
817
798
746
757
715
703
659
659
632
623
573
585
705
570
1036
613
992
1258
1141
-1017
476
-2564
3453
-2814
-2191
-14334
-1271
-16203
3326
-3515
-7350
-7926
-3385
9539
4658
4958
-10529
-4546
12314
1452
11700
-1910
-10132
-14376
14263
26496
34809
90081
-207291
-48560
-26620
-24946
-9300
5663
-10448
-593
-10095
-11524
4862
-6025
-7919
-1645
-5836
1520
11904
-5052
3823
-534
-265
885
-1717
-926
-520
-729
-808
-519
-574
-514
-391
-327
-267
-200
-142
-107
-20
-34
37
94
93
163
208
245
297
329
361
397
438
462
508
522
582
639
664
751
1130
494
653
701
765
799
821
888
896
931
995
980
1008
1055
1084
1119
1140
1178
1211
1244
1276
1304
1343
1390
1463
1455
1460
1567
1558
1562
1610
1658
1702
1755
1776
1933
1986
1717
2102
2208
1269
2435
2180
1283
1242
-2882
2392
3659
-12434
803
1695
11264
6016
-19794
2204
-8174
11006
8291
7590
-9543
11817
6464
-7589
7065
6186
2822
12386
12056
-8285
-1955
-3228
21009
-34563
-11261
-5134
-16570
-16725
-11956
346
-8937
-7248
1940
-9947
3338
-8476
-13835
684
4577
-6417
-2626
-6039
-3525
-4683
-3142
-1673
-2473
-2928
-2472
-2692
-2276
-2495
-2394
-2302
-2294
-2293
-2292
-2210
-2173
-2185
-2130
-2094
-2092
-2066
-2075
-2045
-1999
-1983
-1977
-1952
-1935
-1907
-1892
-1878
-1821
-1821
-1779
-1762
-1710
-1454
-1938
-1797
-1762
-1723
-1747
-1709
-1705
-1695
-1677
-1692
-1647
-1640
-1606
-1592
-1586
-1565
-1544
-1530
-1510
-1500
-1482
-1473
-1456
-1436
-1426
-1405
-1392
-1345
-1367
-1338
-1324
-1317
-1305
-1288
-1282
-1179
-1218
-1271
-1360
-585
-1462
-1709
-714
-2396
-3661
-2564
-4695
-5628
-4417
-13769
-828
-1679
-11464
946
10278
-3476
-4307
602
106
2816
14122
16147
166
3539
2114
-1097
5231
-23239
-31904
-41202
-92532
221713
42180
27650
-5047
1838
12363
20729
6756
10924
7576
1893
15186
8997
11356
223
5895
10937
11078
6502
6186
5027
4020
3821
3808
4188
3464
3678
2806
2996
2837
2643
2548
2431
2287
2213
2095
2007
1895
1766
1700
1621
1555
1484
1402
1338
1258
1185
1116
1037
972
909
854
789
751
638
521
-70
809
602
526
444
338
298
235
198
140
101
35
-31
-48
-123
-174
-233
-289
-340
-396
-448
-497
-562
-579
-688
-748
-723
-843
-954
-982
-1030
-1083
-1136
-1188
-1231
-1356
-1347
-1382
-1326
-1905
-1828
-679
-2443
-2309
-134
-5290
-9002
4212
4613
-16999
-2418
-3996
-5990
-12454
-14765
-10107
-3638
-15087
-5973
-3638
-2799
-4640
-11205
-9954
-9106
-8664
-10434
-5670
14726
14992
26295
40690
-89685
-17922
-18661
-8192
-5156
-4155
-1254
-3766
5162
-1751
968
-6288
9281
-2733
-4855
8431
-15549
-3996
3358
1470
95
-16
1349
-816
-687
-526
195
-158
129
182
274
355
428
470
577
581
654
708
725
795
867
840
898
926
958
990
1022
1049
1074
1105
1150
1153
1202
1217
1257
1274
1322
1297
1306
1351
1363
1389
1486
1475
1466
1491
1530
1519
1556
1589
1607
1631
1655
1675
1694
1717
1743
1756
1797
1828
1847
1856
1892
1874
1938
1897
1958
1998
2033
2040
2069
2058
2089
2329
2141
1501
2065
1772
2451
1502
716
6359
1043
1938
-4498
-7195
-4051
10756
2220
309
1624
6286
-2750
1549
9706
4767
10459
8431
182
9693
9580
-1267
-9234
12352
1969
11563
35047
72743
-159786
-52150
-39021
-20297
-25019
-1830
-6005
523
-11575
-5028
-2736
825
-3622
-1748
-5538
1000
-13634
-5417
3325
-3585
-5777
-3565
-2734
-3174
-2364
-2304
-2405
-1958
-2143
-2145
-2061
-2046
-1996
-1958
-1927
-1867
-1807
-1830
-1796
-1722
-1685
-1687
-1636
-1611
-1570
-1543
-1509
-1480
-1454
-1415
-1386
-1368
-1312
-1232
-1173
-1096
-633
-1502
-1317
-1205
-1145
-1170
-1103
-1025
-1026
-1042
-965
-984
-889
-892
-851
-828
-790
-766
-734
-696
-664
-635
-572
-566
-517
-534
-479
-408
-355
-344
-313
-227
-187
-135
-65
19
-22
-39
-124
489
365
711
1065
-617
905
750
6388
11673
-5672
-47
-7407
-49
-1823
-12491
3455
-3009
9196
10813
-4265
2263
-3911
10729
-1639
8884
-688
-9457
4302
19336
-6282
-29174
-33730
-88970
200640
41961
26051
16414
-12128
24535
12239
11281
12947
12398
5023
-3397
-2935
5433
4278
2479
-1301
12181
-2522
6540
-2599
193
775
20
1251
953
1023
754
476
464
392
305
244
174
121
55
-10
-107
-112
-201
-216
-280
-322
-370
-399
-466
-508
-556
-591
-640
-690
-734
-736
-815
-871
-954
-1345
-753
-898
-945
-1051
-1040
-1107
-1138
-1163
-1206
-1257
-1293
-1331
-1398
-1413
-1471
-1514
-1552
-1591
-1633
-1694
-1735
-1758
-1797
-1867
-1912
-1989
-2014
-2139
-2150
-2171
-2299
-2366
-2446
-2560
-2635
-2659
-2888
-3251
-2710
-3306
-2623
-4385
-5000
-5318
-1589
-275
-5896
-4300
-14324
-10345
-1927
11409
6345
-3327
1453
772
-1686
-2745
4177
-7214
-15101
-6404
-14183
-12103
-11589
-10042
-18555
1239
-6575
-5653
-30138
45658
10464
7660
7864
21692
10176
4897
9022
6870
-616
2675
-6841
6437
7188
4934
24023
1274
-437
-789
605
1220
-907
-135
2371
1357
1434
1484
1661
1460
1498
1549
1555
1567
1563
1589
1587
1625
1561
1610
1616
1598
1556
1601
1605
1610
1615
1613
1613
1616
1624
1614
1598
1577
1595
1616
1559
1272
1831
1708
1698
1669
1678
1618
1640
1678
1694
1654
1655
1658
1652
1679
1681
1691
1686
1691
1698
1706
1716
1703
1727
1714
1750
1770
1764
1761
1732
1746
1795
1802
1820
1890
1908
2009
1876
1943
1962
1535
3305
1417
1191
3969
-643
-2633
-1204
4401
-3375
1626
-4080
-6446
-2952
832
2432
5957
-3961
16591
11330
-3344
1369
3043
-12129
-7190
8546
15339
-1374
6338
18574
46090
94937
-224120
-53498
-36703
-21912
-18944
-9581
-8125
-17256
445
10778
-13599
-1315
-1483
3605
-3360
-1525
4311
210
-4982
1511
-5036
-758
-2405
-1531
-1631
-1402
-1433
-1263
-1236
-1046
-1100
-1037
-987
-920
-904
-841
-789
-740
-675
-645
-632
-572
-519
-491
-462
-415
-378
-342
-309
-268
-237
-188
-142
-87
-29
30
600
-304
-142
-24
42
3
73
105
150
162
211
243
282
304
338
363
389
420
448
483
507
550
565
609
653
687
673
755
820
781
850
875
879
896
924
1022
1045
986
1079
1101
1716
2269
1793
-453
899
-259
2008
-4844
-7303
-6032
3987
1137
-1943
-518
10865
-553
21353
-296
4001
-9
-4882
572
5616
16254
6837
13657
12086
26613
-13447
-31704
-15373
-46130
93136
13997
16092
11000
3094
6565
12419
-3027
-420
-2140
756
-1669
-11568
-3829
-7905
9157
5045
-580
-2149
-1327
-1739
-79
300
-976
-617
-699
-1044
-826
-816
-735
-737
-810
-826
-881
-880
-909
-918
-911
-958
-969
-1006
-1022
-1022
-1041
-1057
-1074
-1092
-1104
-1123
-1130
-1155
-1157
-1181
-1196
-1209
-1189
-1272
-1203
-1244
-1182
-1245
-1294
-1274
-1271
-1315
-1307
-1341
-1330
-1330
-1343
-1356
-1350
-1365
-1383
-1388
-1396
-1402
-1396
-1402
-1419
-1420
-1426
-1430
-1459
-1448
-1461
-1480
-1452
-1439
-1432
-1460
-1416
-1513
-1380
-1626
-777
-1337
-1636
-340
-2007
192
2718
-5182
-185
-4914
-4405
-13801
-4063
-354
-6475
1709
-21620
-9519
-16182
1771
-1861
-3819
-2416
-5446
-6952
-1396
-11452
-9769
-1088
-6760
-17247
-30565
-74188
158649
34200
23954
10306
20421
7630
19470
19233
-7925
-294
6912
-3015
11684
-9751
-6129
-776
9782
-215
2067
1405
772
5251
2242
2333
3032
2348
2236
2190
2294
1912
1864
1785
1693
1657
1565
1475
1468
1353
1339
1287
1216
1194
1170
1092
1049
1014
970
932
890
852
787
764
695
660
586
526
-2
872
666
580
516
485
458
400
343
342
311
266
215
176
170
143
99
67
35
-1
-36
-78
-112
-161
-204
-212
-303
-313
-353
-413
-480
-517
-560
-630
-665
-714
-771
-917
-624
-837
-1249
-980
-459
-1715
-5155
-1440
2825
-11817
299
-1441
-9322
-1416
-11891
1093
-5346
-5885
-172
4699
8281
2986
898
-3193
1216
-2777
13161
-3877
-9717
-8485
32332
20629
33856
81179
-185573
-43340
-20989
-8914
-6998
-18830
4439
-7208
-6559
-4095
-3453
-7859
5399
-11134
-3133
-1488
-6284
-853
557
-6342
-5752
-1759
-1642
-1746
-1198
-1140
-1349
-1143
-750
-723
-650
-515
-405
-335
-236
-169
-73
2
53
113
192
240
300
360
406
452
503
550
600
644
697
750
784
828
899
997
1330
803
941
1006
1000
1104
1134
1139
1177
1267
1308
1336
1338
1395
1438
1488
1521
1558
1593
1633
1669
1701
1755
1809
1827
1866
1960
1970
2026
2066
2123
2158
2199
2247
2320
2328
2450
2512
2569
2717
2761
3023
2423
2458
1974
969
-4315
5026
6635
3727
10154
2752
-1172
-400
5672
3167
13033
-5406
25137
7959
23620
3765
1624
1154
18167
23455
9920
11932
-5904
-2262
5963
3838
-37928
-11660
-16167
-8374
-6327
6915
2901
16697
-12850
-7790
-7086
-8727
-4673
5336
1059
-7072
-6404
1883
-1939
2286
-3701
-1170
-2128
-470
-1005
-1425
-1551
-1653
-1561
-1638
-1583
-1605
-1622
-1640
-1659
-1676
-1617
-1657
-1648
-1678
-1658
-1653
-1671
-1672
-1661
-1660
-1663
-1662
-1657
-1668
-1677
-1657
-1620
-1630
-1616
-1574
-1320
-1772
-1724
-1683
-1660
-1672
-1675
-1638
-1647
-1641
-1642
-1652
-1626
-1638
-1656
-1641
-1621
-1629
-1624
-1623
-1627
-1606
-1641
-1567
-1571
-1565
-1602
-1597
-1613
-1579
-1557
-1538
-1536
-1525
-1505
-1518
-1493
-1449
-1489
-1423
-1885
-746
-1266
-2645
115
928
6479
-14099
-12525
-15743
15397
-3122
6120
4453
-1497
3022
1742
7387
2238
-3756
-5094
-7020
-1030
436
-3284
-11455
-425
-1579
-23460
-27019
-41788
-97327
223422
46252
28273
22814
14034
1900
6470
15686
7466
15294
29100
16726
5846
10826
667
3000
-1457
6538
4452
3217
1657
2830
2095
752
1274
1105
1792
1401
1438
1506
1431
1349
1294
1263
1224
1164
1089
1025
993
951
918
859
811
745
712
669
626
582
529
485
453
395
336
296
239
141
-413
486
290
204
159
104
66
11
-34
-69
-135
-173
-222
-247
-286
-335
-371
-414
-458
-509
-551
-594
-635
-712
-729
-815
-852
-881
-962
-989
-1063
-1148
-1200
-1287
-1386
-1429
-1442
-1639
-1771
-2132
-1606
-925
-3348
-1026
-509
-8479
-5274
1249
-4435
14363
-12784
-7398
-3133
-965
-1589
8808
-4245
-3416
3262
4573
-3430
-4883
1897
-13412
-14823
-9510
-16630
-17593
12305
15840
24575
44798
-83759
-28247
-14564
-16182
10062
9668
-23782
-11452
-7111
-9190
-827
1303
3800
483
4176
-3616
11241
-12914
2813
-550
1111
-323
-795
-277
428
1083
935
521
794
737
795
856
889
925
982
1014
1016
1126
1096
1196
1150
1222
1242
1285
1298
1345
1375
1407
1433
1461
1480
1506
1536
1584
1618
1678
1677
1661
1674
1718
1746
1780
1797
1847
1847
1879
1899
1935
1996
1998
2028
2044
2081
2110
2140
2165
2203
2256
2279
2307
2343
2387
2436
2445
2470
2544
2581
2606
2651
2706
2758
2742
2851
3055
2884
3304
3044
2335
3108
2840
6710
3517
2154
-534
2124
4445
-7669
7855
3427
2672
6886
9128
1581
16014
409
-12444
-12866
10215
11182
9926
12526
646
9669
9952
14750
27126
36482
67416
-154525
-41689
-23025
-26246
-1090
-17052
-19222
-1632
-40
-15624
-3082
-2006
-4974
-15705
-5534
-1417
6776
2374
-6377
-3787
-1197
-4139
-4189
-2751
-2761
-2742
-2424
-2387
-2372
-2375
-2361
-2276
-2214
-2177
-2135
-2048
-2045
-2008
-1926
-1932
-1907
-1848
-1799
-1772
-1741
-1714
-1677
-1646
-1609
-1593
-1552
-1520
-1477
-1434
-1394
-1292
-836
-1665
-1511
-1452
-1387
-1305
-1303
-1283
-1247
-1229
-1180
-1173
-1156
-1127
-1102
-1082
-1048
-1035
-1008
-985
-956
-926
-921
-859
-847
-839
-824
-746
-729
-701
-699
-632
-615
-580
-537
-422
-566
-300
-492
-317
-654
-1027
1048
-278
-4135
2162
2646
-542
-6498
-10482
4078
-8715
-2246
4497
-8026
14677
1477
-1126
-339
-1390
6016
3051
-1064
1376
6145
7409
4364
-2790
-16008
-25966
-39465
-79482
189317
44876
17874
34965
19103
8177
-7102
2565
12367
4267
-1385
-3415
8460
-1336
-3812
-5876
4359
2453
5710
-2411
532
1611
3546
1712
1494
1531
1275
1228
1098
952
861
748
649
556
506
443
386
279
233
178
114
81
24
-39
-86
-137
-185
-230
-285
-321
-334
-410
-464
-522
-533
-632
-1008
-453
-571
-635
-699
-741
-775
-864
-850
-904
-883
-967
-1004
-1083
-1075
-1134
-1151
-1194
-1233
-1279
-1312
-1355
-1413
-1425
-1497
-1487
-1548
-1665
-1672
-1694
-1749
-1813
-1870
-1946
-1972
-2064
-2172
-2179
-2250
-2735
-2025
-815
-2112
-2689
-3969
450
-12271
-10323
4288
-5542
12066
-2303
1798
5025
-506
-8337
-16763
-6821
-2332
404
1666
-4392
-14300
-8907
-13891
3805
-13849
-13031
-12031
-4929
-3883
-22533
47961
15946
10498
8724
6409
3619
2610
-407
-3444
15456
-300
4578
-6488
7468
9938
2379
8208
-2116
4313
-598
857
-262
2522
1653
2040
1398
1435
1662
1824
1806
1709
1729
1725
1716
1679
1657
1711
1648
1636
1628
1590
1595
1578
1563
1560
1547
1532
1519
1504
1488
1474
1472
1444
1417
1388
1347
1067
1592
1475
1443
1453
1434
1402
1372
1345
1351
1342
1292
1319
1299
1285
1297
1287
1273
1259
1245
1235
1221
1234
1183
1205
1156
1176
1164
1185
1119
1135
1115
1110
1106
1082
996
1031
1178
805
1533
1345
1380
644
3019
-1410
-754
-475
6407
-4010
10391
-2620
1977
5528
3560
3148
8331
2737
-12438
6178
8002
-3027
13984
2130
3824
4180
385
-6657
-10525
16670
16066
34004
91935
-213756
-59977
-25377
-17214
-5114
-5760
-17868
-1714
-6165
-14610
-11481
-18727
-5754
-15543
-1883
-8772
-5102
5386
-466
-7691
-4661
-4394
-2908
-4655
-3334
-3143
-2630
-2349
-2427
-2299
-2144
-2077
-1952
-1841
-1781
-1645
-1528
-1469
-1436
-1380
-1261
-1180
-1123
-1024
-983
-918
-851
-789
-722
-658
-581
-551
-484
-418
-308
-172
340
-510
-283
-174
-129
-93
-17
33
92
125
216
265
321
377
429
497
546
613
668
726
789
865
920
950
1039
1107
1198
1249
1325
1414
1470
1588
1652
1744
1902
1968
1947
2064
2250
3005
3059
2825
2820
4880
4215
5469
3426
3647
5340
18494
5408
2843
13162
4649
-1277
-1686
4054
1870
680
11379
9871
4321
8268
21376
12651
17174
14103
22356
-10220
-4917
-18978
-50840
86048
6205
19280
15834
714
4591
-5775
14339
8162
-6223
-2051
2821
5547
6043
3084
-825
-3989
2676
2634
-164
-162
-1573
-1350
-206
-576
-153
-364
-262
-248
-404
-361
-443
-485
-538
-575
-632
-663
-688
-737
-800
-811
-845
-894
-934
-953
-988
-1011
-1043
-1081
-1107
-1136
-1142
-1176
-1206
-1222
-1213
-1300
-1248
-1322
-1370
-1366
-1379
-1401
-1455
-1515
-1504
-1513
-1542
-1565
-1569
-1623
-1633
-1672
-1694
-1719
-1740
-1775
-1806
-1804
-1874
-1878
-1926
-1974
-2012
-2063
-1999
-2093
-2115
-2154
-2205
-2202
-2321
-2500
-2404
-2322
-2530
-1949
-2604
-3742
-2059
-1650
-1547
-1619
-543
-5493
6766
-14657
314
3922
1113
-6995
-6492
4264
-13503
3768
-7545
-5141
-6560
-3130
929
9709
-6052
-12394
-11898
-3805
-20603
-23498
-64843
165206
53139
4302
25389
15604
34317
1877
-276
8547
6867
7955
947
20564
-2182
814
11408
-2071
2970
6301
1010
3182
1539
4233
3607
3020
3304
3285
3185
3050
2917
2852
2777
2701
2629
2537
2548
2501
2427
2321
2294
2256
2173
2133
2108
2037
2004
1957
1908
1878
1822
1785
1714
1666
1652
1613
1449
965
1806
1618
1564
1472
1469
1432
1362
1326
1283
1225
1219
1203
1158
1109
1078
1025
985
949
912
880
843
783
774
716
648
602
511
504
458
406
363
303
227
179
194
16
285
-26
-60
-893
-720
-299
-728
-1693
3297
2640
6295
-4941
-11978
-4587
-5304
-328
-11781
-1957
420
-4058
-3474
1798
-8449
-11573
-16996
3627
-3580
-5789
-6257
-12517
-12685
8409
6819
31143
79377
-189981
-41157
-15169
-16590
-9088
-17405
-6264
-4690
-2268
-7469
-16187
-3778
-10898
6267
-113
-8550
-8805
-9345
-4433
417
1315
-2449
826
-2156
-1545
-1615
-964
-1420
-1092
-1025
-941
-862
-814
-735
-689
-650
-586
-565
-439
-362
-340
-294
-261
-216
-160
-114
-71
-25
11
64
90
158
193
235
273
355
718
180
325
433
454
477
536
537
629
645
670
716
732
809
823
856
911
934
976
1016
1045
1104
1146
1186
1233
1258
1254
1316
1388
1431
1530
1557
1628
1677
1689
1747
1835
2068
1859
1665
1748
1049
1393
1481
3336
4822
12547
3538
-2872
360
-55
2718
9575
501
14247
893
13588
3100
-3124
7286
8495
315
5789
8611
-5475
14175
4609
11090
5815
-5381
3369
20158
-40473
-14614
-15006
-3746
-4821
147
-19977
2824
319
-12211
-3578
185
-6026
-5640
2050
-2237
-2636
-3365
-7411
-3330
-3698
-2652
-1899
-2430
-2134
-2596
-2125
-2031
-1780
-1942
-1913
-1881
-1858
-1817
-1823
-1788
-1786
-1762
-1705
-1728
-1707
-1693
-1683
-1668
-1665
-1645
-1635
-1620
-1610
-1594
-1576
-1579
-1562
-1520
-1490
-1457
-1206
-1695
-1583
-1525
-1548
-1485
-1500
-1473
-1511
-1490
-1485
-1447
-1427
-1439
-1428
-1414
-1403
-1387
-1384
-1375
-1365
-1352
-1334
-1323
-1294
-1321
-1314
-1267
-1363
-1303
-1310
-1269
-1254
-1248
-1277
-1315
-1247
-1091
-870
-1015
-1160
-2123
-1088
483
1981
-1631
3432
912
-9917
-2370
475
-5144
3873
1668
13612
-8684
8727
-6177
-7955
11694
-2115
-1334
1844
2304
10395
-2430
801
-10125
-25657
-38488
-31694
-81709
220047
47702
37750
17465
12030
16915
15874
18511
16270
6140
9417
-4470
4115
-7651
5460
-2443
-529
3749
7219
3767
2237
2158
2922
2601
2583
2267
1750
2054
2046
1867
1788
1676
1606
1515
1444
1394
1317
1263
1176
1138
1089
1033
984
936
881
835
780
734
681
629
591
538
496
461
352
268
-275
566
378
369
292
243
160
119
65
16
-17
-73
-87
-121
-162
-212
-253
-300
-338
-387
-418
-479
-504
-565
-592
-648
-672
-745
-816
-875
-910
-955
-1029
-1098
-1154
-1210
-1112
-1159
-1283
-1573
-1459
-2105
-2624
-753
-2690
-916
-10366
-6382
-5967
1640
-5933
2841
-6864
-5450
-7924
-2932
-691
-9146
-11909
-8294
-12303
2217
-6350
681
-5827
-5173
-7180
-21214
11905
7418
7125
43661
-97903
-17887
-20047
-18743
-4660
-3065
4710
1375
6774
-3913
-2816
9895
-8049
1216
-3275
14941
2523
3676
7190
-3642
42
511
409
475
1
456
270
586
632
703
750
780
787
813
864
885
886
954
899
963
985
973
1039
1049
1077
1081
1104
1123
1138
1137
1181
1203
1208
1234
1248
1254
1323
1261
1324
1316
1311
1319
1358
1360
1364
1404
1419
1399
1426
1445
1493
1487
1511
1518
1536
1555
1573
1591
1562
1633
1631
1630
1682
1691
1744
1725
1769
1787
1799
1828
1826
1856
1859
2092
1643
2067
1418
1245
2752
4386
3584
1730
-3098
3637
1870
-3395
18632
-7391
-19228
-1114
6446
1407
9843
-1539
-15503
-4231
3501
21522
3797
10526
11687
7187
7007
13095
19376
10130
14422
75384
-156905
-41646
-16465
-4329
-16593
-7322
-16264
-12450
-2224
-10622
-3148
-3029
3802
-6706
-11608
-4808
5854
-19193
3744
-4619
-2235
-735
-2245
-2038
-2838
-2303
-2657
-2526
-2432
-2441
-2374
-2266
-2221
-2140
-2124
-2100
-2021
-1951
-1965
-1823
-1874
-1799
-1761
-1731
-1695
-1649
-1617
-1578
-1538
-1521
-1465
-1430
-1405
-1395
-1308
-1212
-715
-1582
-1339
-1286
-1285
-1270
-1160
-1191
-1106
-1105
-1032
-1045
-1017
-970
-939
-919
-902
-863
-834
-802
-779
-752
-701
-707
-656
-603
-585
-552
-560
-464
-437
-458
-405
-372
-354
-236
-329
-280
-485
-14
-137
-383
-363
-1116
2176
4595
-8380
-2330
1075
12580
-4266
4953
-3756
-2304
9157
5642
4773
580
-12747
12424
7884
9996
-12541
5709
-7527
16395
-1062
24750
-20815
-35055
-50138
-78728
190880
40795
11318
17345
16139
14796
7962
12281
922
10363
11279
10051
6270
-9838
4888
4751
-571
7626
2344
4920
963
1058
2588
1527
1257
1346
929
1064
876
821
795
747
680
632
586
515
492
389
363
309
292
232
195
165
115
76
35
1
-43
-70
-119
-167
-207
-246
-267
-368
-709
-167
-248
-307
-382
-419
-479
-518
-584
-550
-634
-649
-673
-741
-739
-782
-812
-855
-890
-925
-958
-992
-1020
-1054
-1090
-1150
-1170
-1211
-1284
-1329
-1375
-1408
-1446
-1497
-1536
-1517
-1653
-1766
-2013
-2364
-2397
-832
-1641
-2382
-1771
595
-6618
-531
-7896
-10897
-2256
-596
161
-15386
-18427
-6754
-8258
3214
-8242
10037
-4843
144
13405
-7343
1264
-11699
-10730
-17901
-7574
-15868
-2831
-11268
38779
6010
10032
-1620
14654
-132
1822
5800
-7771
15860
8747
-11501
18778
8019
-8880
9374
14087
10330
9706
-4446
3493
1673
2937
2436
1459
1891
1784
2101
1941
1869
1924
1906
1887
1872
1870
1820
1787
1841
1746
1722
1698
1703
1704
1680
1659
1652
1634
1617
1594
1592
1561
1558
1520
1504
1485
1455
1164
1626
1529
1551
1500
1427
1474
1407
1410
1447
1397
1394
1372
1349
1314
1325
1305
1296
1274
1255
1236
1230
1205
1193
1208
1183
1140
1074
1093
1111
1029
1040
1035
1020
1001
868
944
869
861
52
179
354
768
104
3246
4232
-2445
-5301
-9299
1493
2291
-6015
-2512
-1202
-1923
-10554
9098
-8601
15159
-1181
-1565
-6127
-14955
-15771
805
5281
-7119
9407
22064
28951
32923
98883
-213922
-49777
-28372
-17983
-12267
-2259
-24675
-2558
-8663
-15684
-9078
-5195
2551
6415
-6015
-11488
-9881
-4312
-2557
-4767
1575
-2028
-2857
-1663
-2969
-1949
-1830
-1618
-1715
-1735
-1673
-1610
-1552
-1485
-1467
-1422
-1337
-1243
-1210
-1151
-1082
-1037
-1002
-973
-925
-874
-831
-788
-745
-703
-638
-634
-566
-518
-442
-346
183
-709
-471
-435
-373
-330
-228
-216
-145
-177
-87
-49
-16
28
50
102
148
171
212
253
288
341
357
435
473
540
554
627
655
656
740
809
856
908
978
1030
1120
1231
1225
1211
1676
2336
675
1456
4622
4888
-1396
-7015
-1656
-6735
11421
2104
4354
9257
-4434
9664
-9782
3373
5897
-6692
-2092
7704
4081
14720
-4647
7924
2363
19320
-13761
-11142
-24410
-43944
97462
30218
12832
14363
11218
6902
3904
10892
-4931
11008
2365
-958
6934
-15134
7512
-1874
-10081
-5168
1419
-5004
-3961
-1312
-382
-1596
-1369
-1362
-1594
-1610
-1470
-1309
-1316
-1350
-1330
-1333
-1329
-1320
-1323
-1340
-1379
-1338
-1333
-1367
-1385
-1372
-1398
-1389
-1401
-1408
-1416
-1432
-1432
-1453
-1499
-1480
-1482
-1529
-1544
-1471
-1474
-1508
-1505
-1538
-1552
-1587
-1583
-1541
-1621
-1602
-1589
-1626
-1623
-1655
-1651
-1675
-1689
-1705
-1718
-1732
-1735
-1763
-1797
-1805
-1783
-1850
-1845
-1865
-1924
-1941
-1948
-1980
-2015
-2043
-2051
-2168
-2237
-2640
-2504
-1626
-3731
-978
610
-2402
-4473
1165
3902
-3931
-6965
-8539
-4878
-8565
-4852
-5880
-14592
10315
-5271
-2171
-11732
-9385
10007
-16742
722
1247
-2910
-5496
-8471
-23382
-25586
-63510
168394
43372
22019
13567
23535
7882
12081
-3803
-472
15383
-4671
573
-2375
-1399
6976
10271
4129
7383
2921
223
7286
3418
4492
3037
2958
3434
3496
3216
3115
3010
2860
2790
2709
2630
2547
2509
2439
2417
2314
2272
2230
2174
2128
2103
2049
2006
1966
1928
1894
1863
1812
1798
1705
1689
1655
1542
1043
1882
1696
1654
1579
1549
1542
1523
1463
1443
1396
1388
1367
1332
1317
1279
1254
1216
1192
1167
1156
1124
1097
1069
1064
1023
1005
933
949
892
889
880
862
844
818
798
720
848
710
280
1817
391
1578
1180
458
53
-469
169
-5866
-816
-4663
-5507
-8013
5884
8591
-4288
-180
8814
-21402
-9875
-11944
-9460
-3952
-13884
-6023
-15070
-15840
-8935
5628
36654
35406
78907
-194212
-49151
-25515
-8801
-18071
-1346
-13782
513
-13573
-345
-11195
844
-13866
-9215
7049
98
-3878
-7204
-4389
-5150
-3764
-837
-1801
-848
-1825
-1843
-1544
-1257
-1253
-1155
-1143
-1033
-953
-861
-785
-762
-652
-615
-569
-506
-470
-430
-389
-325
-281
-237
-196
-154
-110
-76
-18
-1
41
79
158
229
583
34
157
173
301
278
356
350
418
441
500
510
566
599
634
666
696
736
770
804
844
875
916
968
1000
1009
1062
1115
1175
1188
1228
1279
1318
1362
1445
1620
1318
1758
1435
1951
1644
1335
1168
2436
640
-3138
2174
7009
-1217
-3706
1335
-1915
1621
5260
6449
10366
-9228
11657
-5168
611
108
15388
-8037
14376
10602
17042
6328
21252
-11043
7174
13751
22788
-49664
-17193
8507
-1181
-7130
5867
-2237
-625
447
-19390
-3237
4977
1366
-11405
-6569
3739
-11271
-2731
255
3293
262
-3692
-2333
-1907
-2296
-1857
-1855
-2051
-1867
-1758
-1820
-1837
-1821
-1806
-1817
-1786
-1772
-1795
-1788
-1762
-1716
-1736
-1705
-1699
-1691
-1678
-1664
-1651
-1646
-1627
-1615
-1602
-1595
-1564
-1584
-1495
-1187
-1728
-1636
-1590
-1515
-1522
-1507
-1488
-1477
-1482
-1477
-1477
-1444
-1429
-1442
-1425
-1411
-1399
-1387
-1379
-1354
-1352
-1316
-1305
-1302
-1321
-1238
-1256
-1276
-1216
-1204
-1201
-1184
-1157
-1109
-1177
-1266
-989
-1163
-1598
-1076
-123
-359
-1245
-268
-2168
-6644
1278
-3537
-8618
-8075
-8472
-123
846
8792
4973
18932
3945
10266
-4327
6987
2105
-6177
-5285
-3095
-9415
-7563
-4858
-16983
-31718
-42321
-87244
217722
41907
28156
14923
18176
19431
26227
13911
12777
-1109
4890
8133
3831
-8041
14814
4103
3671
8701
-228
-770
5441
2440
2371
2013
2202
2048
1987
2084
1941
1852
1778
1736
1664
1582
1512
1434
1419
1359
1294
1233
1188
1138
1053
1027
969
923
875
827
784
720
668
641
577
521
451
391
-177
692
510
439
354
286
276
203
164
127
91
41
-32
-50
-95
-132
-174
-216
-260
-308
-346
-404
-458
-481
-523
-623
-687
-718
-717
-815
-856
-948
-1003
-1084
-1131
-1329
-1413
-1227
-1684
-1685
-1286
-1899
-2080
-2262
-4751
-321
3723
5541
-10893
-8322
2678
2126
-2114
-665
-8410
-13263
-13600
-8852
9442
120
938
-8379
-1038
-10579
-7490
-4914
-16642
-7276
10579
13110
33978
34264
-114471
-18291
-11303
-3942
-8194
-17799
4920
-1564
-8792
5007
9532
-7102
2102
8074
-9399
-519
-318
-4366
-4069
-2160
-1623
-2324
-717
58
-217
593
298
580
256
461
518
563
610
657
673
752
810
846
858
858
900
933
962
991
1020
1045
1076
1098
1133
1143
1176
1234
1213
1266
1276
1299
1416
1358
1310
1390
1409
1447
1481
1480
1485
1521
1547
1569
1591
1629
1662
1690
1695
1736
1764
1788
1816
1850
1886
1904
1972
1957
1992
2028
2095
2155
2146
2201
2244
2299
2391
2456
2436
2585
2618
3005
3488
3101
2231
4188
2799
2256
10840
10390
-6926
7881
295
1436
4796
181
3370
744
14941
4526
-9945
9003
10365
5217
4453
5340
8786
9194
1207
3220
7480
8795
17425
66401
-163535
-38542
-19717
-20077
-6313
-10572
-17375
-4866
143
-2516
-6617
-9660
-13160
1945
-12243
-185
-8048
-4168
-4487
-3037
-1203
-4275
-3384
-1831
-1508
-1969
-1894
-2082
-1965
-2021
-1999
-1961
-1930
-1905
-1871
-1821
-1814
-1774
-1742
-1708
-1666
-1651
-1610
-1599
-1562
-1532
-1508
-1482
-1458
-1429
-1390
-1369
-1333
-1293
-1248
-1183
-665
-1525
-1307
-1256
-1230
-1224
-1186
-1194
-1121
-1108
-1102
-1055
-1056
-1010
-1004
-974
-946
-927
-902
-892
-849
-834
-820
-779
-781
-722
-728
-697
-659
-631
-651
-624
-601
-583
-595
-626
-452
-377
-855
-850
-648
-547
-1275
-576
-827
-916
1586
-2224
3530
-4540
8712
7084
-2470
7728
13572
11400
-731
1314
4933
8104
1608
-842
10374
2008
-1952
18084
6099
12504
-19183
-8917
-23997
-86748
199583
43780
22907
16163
-4978
17750
6135
22
1452
10315
2209
2394
15164
13075
-401
5117
-10114
1153
4232
-2143
3117
1549
1557
1535
1367
1270
859
1148
1214
1087
1048
909
831
757
665
692
570
547
452
411
401
307
267
197
156
111
66
22
-24
-60
-111
-139
-202
-261
-328
-387
-791
-191
-381
-457
-451
-465
-580
-599
-609
-673
-745
-754
-816
-815
-876
-912
-954
-1000
-1039
-1082
-1120
-1173
-1199
-1240
-1261
-1337
-1405
-1442
-1494
-1540
-1556
-1625
-1669
-1715
-1823
-1821
-1798
-1955
-1931
-1863
-2547
-1902
-938
-3381
-713
-2093
885
-4748
-14690
-7611
-9952
3525
-1430
-5517
-3163
-16022
-8746
-10485
2366
-8797
1629
-3623
8713
-7866
-12741
-6431
-2085
-25863
1251
-11108
-1506
-28078
49590
8732
-2862
10578
12929
-1344
12662
10887
8152
-4591
-744
-1896
-862
-4831
-9484
13154
-1694
6774
5497
6272
-171
1329
1924
1973
2124
2522
2138
2153
2047
2135
2049
2007
2011
2012
1909
1949
1953
1877
1878
1868
1881
1838
1874
1848
1828
1813
1800
1793
1777
1773
1740
1741
1702
1707
1715
1655
1359
1903
1763
1768
1715
1708
1694
1699
1658
1672
1749
1661
1668
1655
1660
1630
1632
1632
1625
1617
1617
1617
1610
1638
1598
1607
1575
1580
1602
1582
1549
1572
1577
1575
1625
1627
1604
1598
2000
2503
1336
2151
838
3834
-363
2543
3226
3413
1024
-14985
-3394
5914
-2641
-141
-9117
-3791
7847
7537
-8205
-5147
5465
-5860
-22845
3057
5597
-2716
1357
1610
10194
22474
36307
86623
-231398
-44941
-41056
-16912
-8373
-10042
-8892
-7062
-5030
-12031
-11273
-3424
-7414
-7104
-3741
-1069
4075
1112
-9889
-7408
-2885
-3076
-3566
-2658
-2841
-3113
-2461
-2432
-2262
-2250
-2105
-2011
-1919
-1827
-1784
-1667
-1624
-1495
-1461
-1431
-1377
-1298
-1229
-1178
-1124
-1076
-1024
-977
-921
-878
-822
-771
-713
-686
-552
-483
85
-801
-615
-542
-458
-477
-395
-316
-291
-239
-201
-153
-134
-103
-49
-16
34
73
114
154
195
225
302
303
386
416
478
508
562
601
663
687
721
785
788
888
901
840
1070
1419
1682
1588
1553
1793
-920
1900
-2979
2360
-5788
12902
-7207
20507
591
9342
2323
4953
-5106
-2941
6801
4958
9200
3843
1621
1408
3019
108
14193
28663
-6190
-8567
-20383
-31757
83076
19829
32857
3283
4159
4946
-9920
14011
5288
8477
1642
2402
-3521
-7003
-20001
-5455
-702
4678
-4322
1163
-895
-1834
-867
331
-894
-691
-1256
-843
-1220
-1082
-1144
-1128
-1134
-1169
-1159
-1200
-1200
-1184
-1197
-1247
-1248
-1254
-1246
-1278
-1298
-1315
-1325
-1337
-1339
-1373
-1374
-1394
-1411
-1422
-1482
-1466
-1463
-1474
-1464
-1493
-1509
-1522
-1502
-1560
-1562
-1545
-1611
-1595
-1605
-1639
-1664
-1656
-1676
-1704
-1718
-1734
-1757
-1774
-1807
-1850
-1827
-1849
-1884
-1891
-1958
-1926
-1958
-1997
-2047
-2074
-2092
-2180
-2292
-2278
-1968
-2298
-2755
-3392
-2650
-3840
-1725
-2390
-2665
-3197
-4968
14865
-1568
-1500
1010
-3545
1119
-310
-6529
-13597
-2661
-6228
-12085
-11320
-6248
-10470
-1728
-2526
-14491
-5015
-3711
-4815
-20981
-66207
151785
28511
28036
3921
8296
8012
11252
-1207
-173
2066
10918
19748
1342
11257
6888
16175
8663
3256
-380
5241
5529
679
4706
2568
2549
2005
2452
2391
2225
2291
2165
2106
2040
1991
1876
1833
1744
1711
1723
1621
1554
1479
1466
1427
1374
1326
1288
1243
1195
1155
1106
1066
1021
990
911
834
332
1137
934
845
805
775
728
738
703
665
618
556
572
514
493
462
419
384
355
320
291
257
228
201
159
114
59
85
41
-35
-22
-102
-150
-172
-208
-274
-251
-371
-712
-549
-643
189
-171
1711
-978
-2440
1994
5209
-1520
-8801
9426
-689
-1715
-10020
-2852
-8409
-9139
448
-7616
-8455
-229
2159
-4490
-17451
-11428
-11886
-2321
-4889
21043
33006
39575
86789
-178429
-42113
-20126
-8466
-1100
-13263
-7230
1892
-10085
3810
-3058
5447
-12676
-5760
-2960
600
-3073
-2979
-9965
-3872
-3539
-3636
-3147
-2817
-1746
-1859
-1566
-1296
-1165
-1116
-923
-793
-694
-601
-527
-405
-304
-231
-112
-98
-24
40
102
154
243
295
356
413
472
526
585
661
705
756
839
911
1272
739
896
948
1027
1100
1175
1221
1238
1254
1351
1393
1456
1480
1530
1610
1655
1701
1752
1812
1858
1925
1997
2011
2080
2130
2235
2250
2344
2410
2519
2583
2668
2762
2886
2968
3050
3139
3100
2844
3517
4483
4667
1033
4477
7188
4693
9855
7918
17049
-10462
3804
3093
-4104
8637
3289
-928
1045
6335
5060
-3197
7677
4631
19600
12010
3743
2633
11551
3558
17664
2847
13255
-38088
-15125
-4388
6967
4127
-191
-9414
-1682
-15019
-9421
-6562
-5431
-1704
-2168
-3366
-2069
-1034
-4274
-4153
1859
-515
-936
-141
-342
-556
-912
-826
-949
-1014
-1216
-1220
-1274
-1322
-1352
-1369
-1415
-1411
-1484
-1493
-1488
-1530
-1547
-1549
-1596
-1592
-1610
-1624
-1637
-1653
-1666
-1668
-1681
-1710
-1735
-1689
-1663
-1437
-1923
-1845
-1890
-1850
-1840
-1820
-1869
-1923
-1890
-1888
-1915
-1917
-1956
-1949
-1961
-1971
-1994
-2006
-2022
-2031
-2062
-2069
-2111
-2102
-2143
-2160
-2175
-2190
-2227
-2273
-2307
-2358
-2416
-2448
-2542
-2535
-2582
-3002
-3007
-2380
-2918
-2840
-3917
-5370
-4166
-1609
-882
-6582
5044
-6200
5985
-13772
-4348
471
-8467
-1835
4377
1562
-444
-8505
1863
-4876
4123
20871
3931
-11100
-1449
-15186
-25010
-22918
-88309
202839
56466
32895
16437
10209
20056
11657
13639
1806
1946
11036
2172
-117
-556
3093
2128
4124
4839
-51
3874
2353
3812
3821
3654
2994
2912
2821
2518
2474
2362
2399
2275
2209
2147
2067
2022
1926
1880
1866
1757
1726
1680
1628
1588
1521
1477
1428
1386
1343
1285
1244
1197
1160
1095
997
909
437
1260
1021
994
926
826
823
816
740
690
673
601
589
531
497
442
409
366
319
276
224
195
138
104
27
0
-39
-79
-141
-210
-297
-326
-377
-453
-521
-619
-637
-942
-206
-388
-1207
-223
-531
-1794
173
-5189
-8610
-2070
4422
-13412
-4533
-14586
8423
-10068
-1537
3215
-14110
-7429
-7325
-5857
-8711
-885
-5335
-6925
-521
-14633
-5372
3780
6219
-3946
19826
45341
-96001
-38311
-11348
-7547
-10928
2766
-4894
-13912
-910
1615
-1924
-16784
-3348
-8849
14585
-11079
-1587
2628
-4573
-1097
-2358
-226
241
-1170
221
103
455
262
209
364
355
378
399
433
457
525
538
570
598
600
647
700
673
731
733
770
796
822
846
872
876
913
937
953
989
1060
1077
1029
1060
1144
1126
1180
1190
1170
1225
1280
1281
1300
1321
1361
1385
1411
1445
1478
1506
1536
1560
1610
1617
1678
1724
1725
1786
1849
1833
1955
1941
2041
2087
2148
2227
2321
2252
2605
2731
2768
3474
2937
2762
3470
4951
4016
5561
7475
-2535
246
15260
4000
5287
-12569
-6636
11842
3060
13893
-3429
-7222
-1460
-2384
3819
-5265
2772
11918
54
-4767
22677
31093
24843
69467
-148124
-25786
-22490
-11297
-16124
-8589
-17527
-4062
-14038
-761
-8166
-11678
-17235
-6520
4067
-14708
-1731
-3310
-7336
-9145
-3525
-4016
-1574
-2980
-2333
-3091
-2939
-2516
-2775
-2496
-2444
-2402
-2334
-2282
-2273
-2174
-2141
-2062
-1990
-2004
-1964
-1890
-1887
-1828
-1797
-1755
-1727
-1696
-1644
-1639
-1587
-1548
-1511
-1485
-1422
-1356
-864
-1685
-1495
-1478
-1426
-1322
-1313
-1296
-1230
-1245
-1179
-1214
-1138
-1123
-1106
-1096
-1059
-1033
-1007
-990
-959
-938
-904
-895
-842
-845
-823
-766
-722
-737
-710
-700
-662
-646
-607
-565
-452
-576
-792
-776
-568
-784
311
970
-809
1526
657
4242
-5609
7709
-7209
1982
2841
10407
12884
-14302
-935
20306
-3716
1970
11343
11105
-9340
3866
-8357
8620
5040
-1447
-5783
-19439
-33712
-86879
190795
44938
3882
14601
2085
3008
10614
12463
3336
3147
5014
1272
2409
-2568
-2470
4827
3148
5322
955
1209
2958
1688
1062
1090
1338
814
1101
1002
899
834
710
661
617
523
477
416
401
340
325
267
231
188
157
119
87
46
12
-20
-62
-108
-110
-148
-187
-207
-228
-366
-696
-112
-270
-322
-385
-364
-403
-487
-485
-524
-533
-510
-630
-614
-638
-662
-686
-713
-738
-761
-791
-819
-852
-885
-874
-892
-925
-974
-1007
-1042
-1051
-1073
-1100
-1123
-1175
-1141
-1354
-1134
-1247
-1363
-1600
-417
-879
-1985
-441
-505
-2023
-7145
-7401
8242
8687
1084
2939
-4665
-11005
-10881
-14916
-5623
-2804
-828
1653
-20093
-6469
-594
-7815
5964
-15420
-19662
7907
221
-6649
-26049
50986
5607
11191
6206
-7028
2985
8205
4020
-7267
169
1842
-8008
2368
24815
9295
9350
-4700
-2389
1535
1944
122
2391
-704
2056
1388
1497
1239
1592
1343
1499
1505
1494
1497
1471
1517
1486
1479
1504
1491
1482
1482
1446
1429
1415
1436
1421
1420
1412
1406
1389
1381
1378
1375
1339
1314
1320
971
1534
1412
1368
1330
1352
1338
1307
1337
1301
1333
1293
1299
1245
1285
1263
1252
1247
1239
1231
1230
1209
1195
1202
1162
1193
1161
1183
1128
1180
1141
1116
1090
1089
1048
1036
959
1227
1096
946
1548
436
1856
-589
711
773
-1671
-1942
7372
-2082
2161
2209
6773
-13600
-3019
763
5301
-6512
-8685
20965
-10254
-2014
-6939
3752
-4926
7316
-2070
-2613
27340
31469
33026
100917
-221284
-47582
-18969
-18466
-24469
-15227
-3937
1352
-566
-7671
-5212
-1555
-16888
4582
-14192
-4317
-2761
-11022
-140
128
-3285
-3373
-2323
-2710
-3035
-2551
-2238
-2082
-2465
-2160
-2069
-2035
-1939
-1844
-1807
-1742
-1679
-1616
-1598
-1474
-1453
-1389
-1326
-1296
-1232
-1184
-1135
-1091
-1035
-994
-937
-877
-860
-777
-747
-637
-78
-987
-753
-709
-662
-591
-532
-500
-446
-397
-351
-324
-273
-264
-216
-176
-136
-97
-56
-12
23
75
128
145
180
286
262
282
385
420
496
514
575
641
701
777
808
1077
405
1344
1806
1130
706
4015
2414
6185
-111
-10364
6266
-2213
-10497
4824
14124
1413
-2086
11910
-6949
7520
19100
3667
-740
5376
3475
3846
4129
12957
9563
16607
-6645
-11039
-12099
-39636
100336
22444
10759
13156
-141
-926
-7783
10666
2800
-11740
4907
11740
-6994
5709
-4470
397
1999
6989
4097
-182
-3920
1497
570
-1
92
667
509
20
24
-56
-135
-243
-287
-339
-373
-493
-437
-500
-543
-576
-593
-624
-644
-699
-710
-737
-765
-791
-810
-844
-863
-876
-906
-933
-949
-984
-1043
-995
-1036
-1040
-1066
-1120
-1068
-1085
-1142
-1109
-1158
-1223
-1220
-1236
-1234
-1252
-1277
-1295
-1313
-1324
-1358
-1359
-1381
-1428
-1448
-1460
-1481
-1442
-1531
-1536
-1569
-1565
-1606
-1628
-1669
-1626
-1800
-1932
-1535
-1979
-2066
-2383
-2428
-946
-1303
-4245
1487
-1287
6268
7325
-7247
-9346
13251
-7948
3301
-1728
5217
-14312
-5580
-10139
-3252
4329
-6003
-16189
-3449
-19263
-15047
5583
2198
-25949
-19963
-73034
158434
37831
23197
13505
10555
4062
-5611
25611
8550
18626
3952
5557
11716
12846
-8198
12088
-1289
-3675
-1376
-1505
582
763
1224
1707
2105
2022
2174
1868
1802
1949
1890
1846
1818
1759
1744
1730
1702
1675
1618
1613
1570
1516
1533
1452
1432
1406
1385
1357
1330
1304
1296
1256
1210
1176
1129
1028
541
1423
1193
1189
1069
1049
1045
1003
1014
977
925
915
907
871
860
816
804
773
751
723
703
685
644
648
613
553
516
498
474
460
439
401
380
376
334
330
366
389
-39
7
-58
84
-1826
-315
3645
1226
6853
4219
-6414
-12445
-3831
-3654
-1679
13352
1078
1197
-7854
9175
-3616
-14537
2797
550
134
-7048
-15921
-940
-8498
396
21012
24644
36958
82280
-187240
-52131
-31003
-24128
-14590
-10274
-7715
1614
-3500
-11811
3741
-11427
4209
3674
3322
-2573
-1986
-3046
877
-5214
-1620
586
-64
-573
-887
-473
-184
-237
-335
-116
-102
-40
11
46
120
109
214
240
258
290
306
339
363
378
422
453
474
495
512
560
565
601
635
680
726
763
1098
539
658
699
726
761
784
818
885
838
842
916
923
952
961
985
999
1023
1045
1061
1080
1110
1134
1120
1167
1197
1222
1215
1216
1294
1290
1273
1313
1331
1362
1338
1349
1429
1493
1256
2102
1307
1660
587
3398
-5
-3462
1661
1544
11857
-1415
-5437
-1161
-2629
-12135
2956
17927
7020
11558
17803
5647
7652
11108
12967
-7091
6924
14302
16340
-1561
-397
227
19586
-37461
-12381
-7251
-3979
-12698
1336
-6371
-15376
-4053
-7252
9648
-5260
-4783
-8278
3351
-2644
-7318
-12857
-2699
-6290
-3117
-3912
-2045
-3223
-3338
-2750
-2918
-3111
-2885
-2953
-2819
-2753
-2701
-2651
-2556
-2577
-2531
-2456
-2427
-2369
-2348
-2318
-2298
-2220
-2212
-2164
-2129
-2096
-2059
-2026
-1979
-1959
-1907
-1882
-1840
-1764
-1490
-1959
-1814
-1772
-1733
-1751
-1707
-1636
-1618
-1584
-1535
-1540
-1463
-1474
-1423
-1404
-1372
-1335
-1304
-1269
-1229
-1197
-1152
-1128
-1109
-1063
-1003
-950
-907
-868
-851
-769
-711
-660
-547
-554
-527
-371
-578
-165
29
552
201
-584
-1057
414
-630
564
7629
7325
-7542
97
-11639
-2156
1961
-732
6547
5049
-3042
3092
-8027
3216
2818
-3146
-634
-4021
9522
12766
-18752
-35166
-27991
-79403
220397
51684
30335
25304
21453
13847
6544
-1456
7535
-3600
22028
5830
12849
3389
6605
13677
14683
9142
6101
1063
1146
2616
1117
2137
2133
1822
2585
2164
2012
1819
1845
1781
1699
1639
1561
1515
1375
1368
1293
1223
1148
1100
1053
998
950
904
851
803
745
699
625
612
539
485
389
295
-242
601
396
369
275
180
143
138
67
1
-46
-98
-134
-172
-239
-287
-328
-388
-439
-487
-555
-608
-691
-726
-765
-829
-908
-965
-1064
-1118
-1195
-1253
-1370
-1451
-1592
-1628
-1741
-1825
-1922
-2542
-3100
-2315
-4408
169
-3147
-7284
-6546
-6231
-8301
2507
9301
-1831
5308
-12150
-4113
-8877
-18553
2574
-7236
-8927
-11084
3559
-11569
-3282
-9710
-19468
-3582
-2204
12670
10171
21945
41837
-85940
-16756
-6061
9108
-9156
-7478
-9059
-7319
-4079
3688
-1646
-11050
1651
5569
-11307
8099
10222
10260
2859
1567
4529
1988
2343
908
2223
1419
1246
1848
1551
1545
1516
1496
1466
1455
1453
1448
1390
1436
1427
1369
1380
1380
1403
1377
1382
1377
1374
1374
1371
1355
1368
1346
1387
1335
1351
1351
1388
1339
1340
1355
1340
1356
1342
1368
1355
1416
1368
1348
1347
1387
1369
1355
1370
1368
1372
1369
1380
1367
1376
1345
1360
1364
1414
1367
1399
1380
1398
1390
1380
1372
1376
1314
1312
1258
1260
1614
1423
1379
554
2580
1561
-1162
-4121
5211
5246
10032
345
-5746
155
-6995
-5152
11326
-2531
592
15224
-1830
15725
-6967
705
-13921
4990
5463
10839
6877
5806
17784
22591
70428
-157261
-48952
-16601
-13014
-7074
3215
298
-1412
-1498
13730
-4129
89
-7450
-7276
-11442
28
-2364
-9011
-10369
-3520
-8904
-3847
-2807
-3110
-3387
-2505
-2905
-2951
-2999
-2743
-2616
-2521
-2442
-2368
-2284
-2232
-2112
-2087
-2048
-1957
-1933
-1877
-1803
-1769
-1714
-1669
-1615
-1569
-1524
-1456
-1434
-1397
-1335
-1315
-1219
-1094
-607
-1458
-1231
-1170
-1092
-1089
-1022
-981
-902
-884
-833
-830
-793
-739
-701
-652
-609
-575
-533
-488
-437
-389
-350
-336
-275
-195
-123
-100
-51
10
58
91
165
228
331
433
460
439
951
693
396
789
949
1496
592
730
-5035
-609
7197
12793
1994
-13775
-2741
4798
30
-3137
2857
-7646
-2372
5216
14366
6946
3651
2848
-1249
8194
10455
16549
-21902
-21773
-35428
-101555
192084
54003
23617
20942
69
13015
2239
14488
13375
-5968
13348
12609
-3687
16719
-1922
602
12803
13376
247
2980
1317
6191
3010
1965
1949
2429
2037
2129
1771
1642
1426
1334
1252
1131
1069
967
910
783
774
626
567
542
480
389
341
282
224
168
105
71
5
-60
-85
-165
-225
-354
-685
-79
-277
-349
-386
-463
-507
-517
-609
-668
-675
-743
-787
-812
-862
-903
-943
-999
-1043
-1089
-1126
-1195
-1204
-1284
-1304
-1372
-1410
-1518
-1521
-1558
-1661
-1687
-1744
-1799
-1875
-2002
-1995
-2044
-2167
-2511
-2400
-1917
-2696
-2418
-2191
112
-5884
-6794
-13577
-4724
-14813
5797
-9697
-284
-16003
-5637
-9220
1669
-1736
-8925
-5625
-3232
-6714
-126
-8294
-18335
-8063
-11065
-5342
4040
534
-15228
49731
15489
2874
5103
11624
10726
-2614
9072
19258
-4862
4026
3870
5230
10546
-6165
610
2756
-1029
-3763
743
2004
-266
1204
1157
1533
1395
1136
1263
1313
1230
1342
1352
1376
1370
1387
1368
1411
1384
1426
1434
1422
1432
1431
1427
1423
1434
1432
1431
1433
1423
1442
1413
1401
1400
1421
1363
1069
1592
1487
1461
1482
1478
1485
1483
1450
1442
1445
1414
1448
1454
1441
1430
1434
1422
1422
1422
1420
1405
1406
1401
1391
1398
1385
1379
1357
1350
1374
1366
1356
1341
1381
1315
1313
1236
1411
1066
840
1328
614
2533
168
4846
97
1736
4863
602
-2090
-8643
-411
2391
-3992
1138
-8167
2771
980
-1389
-9223
13428
8920
4111
-2592
-9983
-7401
-6127
14223
24905
32189
78119
-214558
-57897
-39430
-18331
-12106
-16913
-13253
-9858
-11548
-7784
1644
-14040
-9000
-13534
-6024
1124
-11014
-1697
618
1685
-1158
1156
-2383
-1318
-1467
-1864
-1602
-1453
-1441
-1439
-1404
-1349
-1304
-1259
-1183
-1179
-1131
-1086
-1027
-978
-918
-899
-838
-794
-764
-721
-688
-642
-621
-568
-518
-481
-461
-391
-294
-204
300
-542
-360
-312
-246
-201
-230
-126
-74
-34
-17
26
43
103
123
166
209
238
276
313
357
395
423
457
510
567
628
623
663
740
773
837
865
913
899
1070
954
1190
1178
235
1681
1219
2610
1019
2001
4973
-4701
-2999
790
5846
3793
-3940
15317
5581
11011
5916
-7876
12286
13342
2983
9019
2741
10418
-1241
5650
11048
30416
9422
-14923
-7048
-22029
-44707
88562
6846
13283
4484
3871
7728
9557
9508
7095
3529
-3287
507
9453
-11417
2508
5424
3067
-4192
959
-5467
2182
307
-1184
-1741
-1685
-910
-964
-1064
-1216
-1080
-1107
-1092
-1076
-1085
-1058
-1077
-1093
-1077
-1119
-1101
-1132
-1136
-1133
-1137
-1153
-1156
-1164
-1175
-1178
-1185
-1216
-1207
-1213
-1219
-1234
-1214
-1273
-1211
-1236
-1272
-1247
-1264
-1285
-1268
-1281
-1315
-1284
-1341
-1322
-1318
-1352
-1355
-1363
-1364
-1368
-1373
-1387
-1373
-1397
-1400
-1415
-1389
-1409
-1426
-1440
-1420
-1439
-1450
-1449
-1454
-1427
-1488
-1479
-1389
-1429
-1312
-1588
-1154
-1587
-1050
-1236
-2611
-5123
-4267
3621
-3586
-2048
-7200
3929
-3907
-7702
2226
-7701
10820
2332
-16613
-10440
-689
-10944
-1115
-11819
-12273
-4695
-10718
-5512
-7837
-38301
-74187
161983
27438
30150
19975
157
17539
8585
1099
17837
5527
18685
5275
-868
12585
3572
1890
-12860
-6486
784
2973
3128
4062
2825
2254
2413
2150
2297
2063
2056
2176
1990
1948
1927
1859
1813
1794
1784
1707
1715
1730
1700
1624
1604
1546
1535
1506
1481
1458
1427
1399
1378
1314
1338
1278
1225
1177
661
1531
1374
1246
1215
1221
1168
1162
1108
1092
1074
1059
1000
1002
1002
958
936
922
896
874
855
823
801
774
749
682
683
692
660
653
616
584
580
543
528
513
677
515
317
463
284
938
-465
222
-211
465
2310
6252
-1334
318
3435
-6873
-5669
-7254
-4666
-4702
-4578
-7610
-7964
-4472
9460
-9662
-4992
-5576
-2694
-14505
-4559
-14917
5084
15727
36351
86270
-192815
-38905
-29603
-22256
-15167
-20992
-3069
-12410
-7312
-1411
-9129
-10333
2216
-7366
3727
-4537
-1469
-1174
-3862
-2075
-4023
-373
-684
-582
-2127
-1185
-1197
-1240
-955
-890
-872
-813
-755
-717
-664
-583
-567
-485
-451
-415
-364
-326
-279
-230
-203
-151
-116
-73
-40
-5
38
85
114
163
221
270
630
37
179
265
328
338
318
424
429
484
496
522
560
597
615
671
687
718
754
793
830
848
887
924
971
997
1027
1082
1091
1138
1163
1231
1254
1314
1323
1434
1406
1338
2057
1929
2755
253
2204
2078
4276
2864
3404
606
-1946
2011
3831
7711
5861
4119
-1582
7420
8061
4305
9873
1007
1697
7271
5704
6725
6897
2324
25845
11025
450
1238
4533
18583
-35241
-8002
-3768
-4822
-7992
4345
2164
-1627
690
-10228
-6454
-14540
2424
-13476
11891
-6703
-1648
-4867
-1453
163
-1956
-1282
-618
-292
-1085
-818
-1094
-1228
-1226
-1331
-1245
-1256
-1258
-1269
-1288
-1216
-1267
-1286
-1275
-1243
-1252
-1240
-1279
-1247
-1261
-1254
-1253
-1253
-1250
-1240
-1244
-1250
-1236
-1223
-1235
-1187
-926
-1416
-1310
-1285
-1275
-1235
-1255
-1292
-1242
-1290
-1258
-1257
-1261
-1248
-1258
-1274
-1255
-1263
-1259
-1256
-1262
-1274
-1248
-1247
-1252
-1284
-1289
-1215
-1267
-1287
-1282
-1265
-1288
-1286
-1267
-1249
-1277
-1495
-1333
-1064
-1156
-1884
-2784
-282
-354
-3626
2410
3728
-5832
-6745
-6596
7847
-1946
-4200
-7439
3207
-8497
2806
9021
-12146
-3836
6991
5489
5773
-3957
9080
-3835
-11103
-17360
-30033
-43141
-101122
226488
48518
30028
11750
7497
-3389
5514
13210
13124
2597
1313
-9712
-5475
-3587
5914
9907
6889
7662
9716
3797
498
1477
2778
2628
2319
2890
2251
2430
2173
1938
1978
1852
1778
1674
1596
1538
1483
1381
1330
1282
1215
1156
1115
1069
1015
960
908
863
814
755
711
659
605
573
463
386
-180
739
546
460
379
348
301
210
206
111
131
70
10
10
-48
-104
-140
-184
-225
-268
-308
-367
-387
-443
-529
-570
-556
-605
-702
-739
-784
-872
-916
-980
-1037
-1137
-1288
-1111
-1229
-851
-1979
-1274
-1614
-1918
-2430
-5993
-8626
4615
8960
-5854
-6617
12560
-1912
-6455
6520
2977
-9616
-3503
-906
-30282
4769
-1588
-13416
10241
-17014
-3715
-17967
-19198
25585
10033
19651
38536
-87445
-29131
-10391
-739
-7491
-14294
-7747
-7104
2767
-8673
-10364
167
2787
-7517
-3087
3237
-2780
6204
-1006
-222
-902
-1457
-1074
-768
-726
-314
-355
53
-1
88
164
202
260
307
356
395
456
460
542
564
622
642
684
726
750
783
816
849
866
902
935
956
998
1023
1036
1091
1130
1100
1126
1171
1133
1211
1281
1260
1283
1358
1353
1374
1406
1421
1452
1477
1503
1534
1562
1593
1625
1651
1684
1742
1715
1746
1818
1862
1868
1901
1962
1999
2036
2098
2138
2176
2356
2244
2211
2298
2797
1377
2133
4776
4249
-67
1712
9476
15961
-9761
1384
4623
6077
3659
2804
9178
1001
7070
7446
7871
-3928
-4401
475
-8089
9107
6740
-6949
6987
3871
15874
34062
72787
-163081
-28585
-12508
-21096
-18764
-8608
-3175
-4161
-10694
-2734
-11088
3959
-4379
-10404
-14115
14818
-11174
-892
-4557
-4816
115
572
-337
-952
-1660
-1657
-1164
-1231
-1226
-1341
-1332
-1327
-1317
-1329
-1302
-1305
-1277
-1252
-1262
-1249
-1210
-1264
-1192
-1191
-1182
-1179
-1167
-1153
-1149
-1133
-1110
-1096
-1087
-1059
-1039
-977
-461
-1342
-1188
-1119
-1061
-1082
-1067
-987
-1026
-1010
-1025
-950
-974
-949
-935
-932
-917
-912
-901
-888
-882
-852
-864
-829
-836
-794
-783
-797
-762
-796
-760
-748
-732
-727
-669
-711
-532
-447
-900
-778
-645
-352
-184
695
513
-1417
-7955
-6923
-202
-8305
-3203
-11171
13697
5094
-7697
6231
5793
6253
3247
3426
-1870
-17918
11197
1794
3138
-4649
13481
14122
-13101
-18937
-34342
-75132
192800
36854
21198
23235
7594
6906
709
13115
5593
-4676
-2808
-1620
6180
-4709
-3055
-78
6309
10413
-4277
-4294
-509
1329
-1075
-892
248
-116
130
-138
-2
-98
3
-16
-31
-47
-85
-101
-92
-142
-144
-237
-249
-259
-270
-286
-332
-354
-383
-412
-435
-459
-472
-497
-531
-581
-613
-661
-1032
-466
-560
-631
-668
-694
-745
-807
-773
-808
-832
-849
-849
-904
-918
-941
-972
-1008
-1034
-1058
-1084
-1111
-1149
-1164
-1201
-1246
-1279
-1265
-1348
-1388
-1412
-1461
-1485
-1529
-1555
-1547
-1623
-1942
-2024
-1673
-1878
-1825
-1307
-1385
-49
-3866
-2355
-1053
-6253
-9417
-8351
-4367
-4188
-10474
19905
-7493
-3862
-19295
-2925
-5543
-11438
-3232
1592
-2016
-2126
7960
-4947
-10517
-6813
-4508
-6578
-2901
42989
13398
-1835
3747
420
2776
7492
-4239
2756
-1771
13366
1722
5197
3591
13489
12360
-3614
4177
-3164
301
1998
1522
-207
2032
2238
2259
1866
1846
1791
1597
1589
1550
1512
1494
1439
1419
1408
1387
1359
1308
1326
1271
1264
1271
1245
1235
1222
1210
1193
1182
1164
1145
1115
1090
1112
1048
747
1220
1155
1124
1115
1118
1118
1035
1034
1043
1029
1007
1012
1010
1001
981
979
962
955
945
929
933
930
898
936
882
894
853
868
839
818
807
802
794
789
848
677
746
864
653
844
1381
1355
940
-109
-772
-529
3895
-12445
4221
-8411
-388
6467
15354
2048
-4024
-6533
6383
4050
-3689
2494
6512
3636
-2790
1534
4822
-12842
-12918
18602
14673
30299
96607
-224511
-56464
-24057
-11979
-3338
-10316
-9689
3060
2188
4647
-11797
-1954
5359
2670
1223
-4375
-12419
-1313
-4634
-3664
-1605
-3650
-2077
-3302
-2216
-1968
-2148
-1957
-1665
-1557
-1585
-1486
-1392
-1315
-1231
-1082
-1081
-966
-896
-865
-768
-738
-687
-628
-574
-510
-461
-411
-357
-320
-245
-214
-146
-112
-11
97
637
-272
-23
59
87
101
193
196
280
316
355
410
453
476
505
550
603
632
672
712
750
808
842
868
936
1005
1020
1067
1078
1161
1175
1249
1281
1321
1405
1474
1537
1460
1575
1420
835
1388
1851
2246
2885
-623
594
-4695
-1593
9940
2304
-11561
11755
4948
-7491
8502
15726
11199
17022
8037
-443
-1768
1120
5324
5396
20977
7727
24482
-11086
-9310
-6057
-48219
90827
14269
12198
13363
2034
1004
-585
2245
10205
-6390
2760
8107
-9052
-21913
6683
4629
-1839
-3921
-3667
-892
394
-219
-1957
-1980
-1083
-1233
-1604
-1173
-1336
-1324
-1225
-1255
-1266
-1292
-1247
-1286
-1303
-1292
-1283
-1317
-1325
-1356
-1358
-1334
-1365
-1383
-1386
-1394
-1407
-1411
-1395
-1410
-1406
-1468
-1457
-1464
-1500
-1451
-1520
-1492
-1490
-1515
-1523
-1466
-1564
-1531
-1551
-1570
-1577
-1597
-1603
-1589
-1601
-1604
-1615
-1623
-1634
-1654
-1642
-1656
-1666
-1679
-1675
-1689
-1691
-1757
-1716
-1754
-1718
-1725
-1697
-1798
-1805
-1838
-1606
-1907
-1493
-1529
-581
-381
-671
427
-5575
-3242
-4492
-9026
-6933
3352
-9129
-5726
-10291
5013
5138
-6439
-6131
-2271
-994
-2690
-4979
-6911
2880
-21167
-2110
-4724
-19927
-19252
-36126
-73056
153683
36014
25945
24846
10602
4837
735
6128
-4066
6125
3068
15971
3602
5098
6085
12722
-4625
9653
8477
5603
4113
790
3089
3576
3261
3355
2948
3315
2932
2827
2833
2707
2619
2544
2492
2420
2369
2239
2191
2149
2131
2024
1997
1951
1910
1857
1813
1766
1727
1688
1644
1588
1540
1477
1417
1355
837
1685
1504
1406
1373
1322
1279
1262
1176
1146
1158
1057
1043
1037
968
930
901
874
837
802
769
719
702
639
627
561
539
481
497
414
388
346
281
233
177
241
161
108
-141
-152
277
-1136
-2435
2319
-1287
1291
-4715
2831
-2710
6956
-15008
768
-1305
-3652
-2037
5728
13232
2381
-1141
-8035
-3001
1611
-16188
-3354
-3951
-13498
-12561
-15753
11753
8765
37335
87152
-197136
-39219
-16926
-31802
-14173
-14416
-18767
-8612
2830
-447
-5143
-9662
-1928
1273
-1293
7739
-9462
-322
725
1026
-1468
-846
-846
-521
-602
-567
-570
-430
-363
-336
-248
-188
-125
-95
-22
7
55
45
144
179
247
245
291
324
368
405
442
471
504
536
588
592
659
719
738
776
1169
576
714
820
831
851
920
950
976
974
971
1041
1047
1073
1119
1139
1171
1198
1226
1251
1277
1316
1348
1358
1439
1469
1439
1496
1506
1582
1607
1667
1663
1700
1715
1772
1850
1706
1719
2305
1845
1310
1839
865
3157
125
5641
-7001
-10640
9022
3817
2139
14237
7484
5601
193
2559
2964
7648
-1470
10697
976
16520
8337
-1575
-1864
181
13118
9382
8666
11483
12662
-41308
-28505
-6430
5412
1853
-1435
-13133
-504
4395
-15792
-11845
-1624
-12626
-3705
6417
-1029
-6348
3242
2523
-350
-2776
-5186
-2569
-3017
-3079
-3339
-2885
-2653
-2719
-2666
-2610
-2608
-2586
-2579
-2561
-2563
-2489
-2531
-2515
-2502
-2459
-2452
-2463
-2438
-2407
-2408
-2394
-2387
-2379
-2350
-2340
-2349
-2338
-2323
-2291
-2212
-1984
-2455
-2385
-2357
-2345
-2326
-2296
-2283
-2288
-2227
-2257
-2229
-2236
-2235
-2220
-2202
-2199
-2194
-2188
-2183
-2165
-2161
-2137
-2150
-2150
-2164
-2144
-2168
-2122
-2087
-2085
-2082
-2082
-2088
-2045
-2101
-2097
-1834
-1954
-2253
-2324
-1726
-2925
-2498
-526
1286
1255
6858
-808
-4037
-16159
-9527
-6463
4344
2007
327
-7021
-823
3799
-2071
-584
-3464
-506
-19905
5630
-1246
2126
7309
-16348
-19795
-31032
-85817
214059
45896
22556
16706
18649
13576
5107
19618
16688
6386
-1292
7182
8495
11246
4344
19858
5728
1806
250
7623
4955
3446
3763
2948
3341
3029
3194
2940
2878
2869
2650
2562
2475
2411
2309
2249
2139
2046
2042
1961
1891
1802
1784
1730
1661
1606
1554
1501
1452
1388
1363
1287
1236
1197
1137
1047
506
1357
1148
1075
1027
1001
945
923
879
793
776
773
700
644
628
593
549
510
475
435
403
363
332
295
241
219
155
78
72
87
4
-14
-34
-88
-89
-132
-282
-413
-754
183
-401
47
-330
1232
3169
6329
-66
-1552
3490
-5527
-4054
2856
5058
-114
-9629
6721
-9036
-8313
-8781
-7613
-1039
-15163
-7764
-6658
-19790
-16547
-14127
-20421
15745
13031
24290
34884
-96138
-24669
-8053
-6701
-5903
-10220
8105
-7929
5007
-10780
-12915
-3781
6045
3523
8167
-1518
3797
-4449
-1543
978
-801
474
-187
145
-1076
-311
-352
-192
-18
113
143
207
268
325
369
400
428
502
528
580
584
632
645
693
710
746
773
801
826
843
856
910
896
932
951
978
1027
1007
997
1036
1041
1035
1161
1136
1119
1144
1192
1170
1193
1205
1223
1240
1273
1283
1302
1312
1335
1343
1388
1397
1378
1439
1390
1446
1477
1497
1464
1501
1526
1548
1579
1427
1549
1592
1333
1894
2224
1469
1009
1595
2482
178
5713
-3155
10176
-3655
-8769
4219
-5271
-1330
7602
7959
-696
4614
2989
15262
8111
5112
840
8699
12055
1056
-11939
22071
15543
16111
21183
61306
-160910
-40641
-18701
-17122
-26959
-20081
-12722
-4885
-7257
-6756
4956
1683
-12255
-9015
1062
-9767
-75
6040
-7672
-1492
-3722
-2732
-2698
-3567
-2477
-2655
-2407
-2019
-2104
-2057
-1937
-1933
-1869
-1818
-1810
-1785
-1691
-1662
-1556
-1595
-1537
-1492
-1466
-1427
-1397
-1363
-1332
-1303
-1282
-1232
-1184
-1172
-1130
-1084
-1042
-960
-455
-1283
-1109
-1056
-1029
-983
-948
-957
-907
-879
-820
-807
-788
-763
-734
-718
-687
-657
-636
-609
-596
-557
-534
-517
-491
-436
-438
-411
-386
-347
-327
-287
-273
-252
-225
-178
-141
-331
-266
349
-207
-859
-438
-696
724
-1874
958
-3262
2022
2159
-2755
-3197
-8116
3610
-804
4511
12459
8529
1564
-4165
12032
5654
-3219
9441
12171
16993
6390
9435
-15624
-14833
-25162
-79340
189008
38605
25888
17296
15265
3145
6651
-2660
14239
4420
11472
-1391
525
-1777
-8526
-10755
-1174
-3356
6978
3532
721
2709
868
909
1698
1151
740
1194
769
726
613
535
438
360
254
212
184
112
-6
7
-52
-79
-138
-196
-250
-286
-332
-371
-413
-450
-496
-544
-581
-613
-668
-762
-1111
-550
-707
-757
-778
-798
-867
-899
-935
-909
-946
-1005
-1020
-1060
-1091
-1122
-1157
-1175
-1207
-1235
-1272
-1297
-1334
-1354
-1380
-1421
-1459
-1454
-1514
-1506
-1584
-1597
-1602
-1614
-1652
-1687
-1869
-1847
-1632
-1982
-2425
-1990
-758
-959
917
-677
2430
2311
-3819
-1694
7218
-2653
6168
-14000
-5069
-12995
-11193
-4716
-8920
-16150
-8194
-6262
-17879
-21784
-274
-5174
-7617
-17633
-10924
-7634
-25586
-13571
38970
-833
160
-7676
2268
3329
2629
-3765
28543
-2942
7951
13957
-12042
-2677
-8357
12258
4586
-5479
5492
5867
1190
1455
4178
2750
2738
2543
2539
2323
2510
2367
2389
2369
2347
2354
2302
2347
2314
2268
2280
2303
2268
2245
2272
2252
2252
2233
2224
2210
2198
2203
2188
2186
2187
2183
2174
2136
1836
2330
2302
2230
2227
2206
2192
2166
2161
2145
2166
2112
2157
2162
2133
2121
2145
2128
2127
2130
2130
2110
2126
2133
2111
2123
2101
2126
2116
2124
2115
2117
2122
2125
2139
2176
2205
2126
2191
2646
2012
2014
2369
2028
3210
4225
3555
3981
5746
1427
40
20417
879
-2428
-6928
3093
-1154
750
11773
-11389
-2765
8321
1245
8434
1371
1729
-3623
-7175
20151
17966
25624
93881
-209778
-51526
-15135
-9770
-15139
-12266
-22947
-9132
3599
-24026
3551
-12651
-13840
73
-9425
-3968
-6925
-631
-4754
-9417
-4520
-3811
-4946
-4417
-3284
-3550
-3051
-3286
-3003
-2782
-2719
-2629
-2521
-2432
-2323
-2241
-2210
-2056
-2039
-1971
-1884
-1834
-1747
-1698
-1639
-1590
-1533
-1481
-1423
-1360
-1309
-1279
-1227
-1178
-1118
-994
-477
-1320
-1077
-1020
-988
-945
-853
-831
-818
-740
-706
-662
-637
-581
-554
-513
-482
-445
-404
-361
-332
-281
-271
-220
-148
-140
-113
-73
-43
22
82
103
165
198
255
163
432
208
155
993
1140
1184
681
972
3886
5064
5667
342
-8534
5329
2583
-2250
-837
6108
-10871
-5445
-1134
7436
11089
9610
7311
1228
-1454
-487
15090
8621
1178
18335
-8452
-19324
-6033
-36203
87265
22356
10569
11266
15774
-3797
2198
22288
-887
-14806
-10372
851
14272
5646
-4450
-15047
-1099
11036
-6557
-1666
755
931
-298
-1466
-359
-667
-856
-800
-828
-893
-907
-929
-958
-976
-998
-1066
-1066
-1078
-1067
-1161
-1142
-1140
-1183
-1217
-1234
-1247
-1263
-1281
-1300
-1336
-1330
-1342
-1364
-1413
-1401
-1416
-1451
-1451
-1497
-1445
-1490
-1531
-1521
-1558
-1530
-1555
-1586
-1591
-1610
-1609
-1650
-1655
-1667
-1682
-1700
-1713
-1735
-1760
-1772
-1783
-1797
-1822
-1814
-1915
-1871
-1897
-1912
-1949
-1983
-2016
-2012
-2104
-2012
-2213
-2440
-2114
-2181
-2497
-2242
-2317
-1091
4112
-2733
-4351
-3046
-3824
495
9645
4377
4964
-7060
-10471
-7624
-13298
-4534
-10785
-3614
-11701
-1760
-8154
-14690
4296
-7329
1617
-9211
-8873
-33008
-70016
160269
27574
25749
9589
17834
4049
11091
10843
4670
1169
8438
21760
4841
1483
1891
-208
11833
5110
-1698
4039
3408
2080
1926
1724
2877
2198
1934
1983
1722
1840
1827
1765
1734
1680
1687
1654
1584
1510
1512
1438
1402
1390
1358
1335
1299
1271
1244
1213
1182
1156
1124
1097
1048
1017
965
910
396
1247
1075
967
940
889
846
837
798
778
780
763
722
689
674
641
611
590
566
539
511
501
442
431
427
366
362
270
290
262
243
167
143
113
68
127
-103
-108
-18
-170
-629
220
759
196
-2313
702
-3313
298
-9073
2150
-469
-3278
678
-3927
-2108
3404
4249
-10941
-2313
18767
-8029
-11218
-2376
8886
-1169
2804
3339
-919
20645
22869
41223
84426
-194283
-41782
-22274
-13930
-1176
5402
-524
-5729
-9683
-1428
-3106
-3115
17980
-2005
-5163
-633
7798
-8295
997
-1361
1531
-2068
-1640
-931
-206
-236
-127
-474
-452
-290
-313
-269
-228
-205
-172
-123
-102
-43
-26
73
43
102
131
170
202
236
270
298
341
360
376
425
444
477
534
629
973
393
500
570
599
648
701
717
736
768
763
808
828
875
911
929
946
984
1004
1035
1057
1079
1120
1154
1184
1214
1205
1261
1333
1290
1361
1374
1418
1457
1508
1561
1543
1374
1549
1580
1117
1570
2425
3539
1753
3954
8381
-1618
-3520
-3377
1713
-6617
21636
-1512
9831
9098
-1160
11884
-1310
8035
7886
11733
17046
5321
3122
3142
2050
13287
-2208
-7079
-3340
9646
-42421
-18281
2386
8098
-15806
-2506
1041
-12252
8041
16200
-8132
-1478
1707
3712
11556
-7865
-3244
-1766
-2900
-4525
-1611
-943
-3477
-2749
-2081
-1877
-2329
-2297
-2103
-2152
-2001
-1940
-1886
-1848
-1773
-1793
-1729
-1706
-1663
-1631
-1609
-1563
-1588
-1542
-1524
-1492
-1466
-1443
-1422
-1385
-1359
-1360
-1304
-1334
-1275
-1194
-914
-1390
-1265
-1224
-1211
-1223
-1155
-1139
-1138
-1119
-1063
-1063
-1049
-1031
-1012
-1004
-968
-939
-922
-899
-866
-835
-820
-796
-771
-727
-717
-684
-641
-630
-554
-560
-495
-448
-376
-373
-336
-369
151
-897
-989
1011
-394
2418
962
3057
3528
-4789
1272
903
5222
7660
-3807
8630
-9733
-1059
-13
24223
1500
-4596
8253
-1503
-6993
789
925
-7550
-6939
8204
-24430
-29267
-36967
-85277
216872
51075
22369
21860
25736
5104
9171
10874
5686
11666
1224
289
2499
2711
-5169
2969
15148
10463
5172
4979
6800
3692
4746
4157
3326
2678
3107
2832
2775
2551
2441
2345
2234
2116
2038
1923
1787
1731
1648
1561
1467
1429
1374
1299
1216
1156
1088
1027
966
912
869
778
708
661
578
468
-93
744
560
486
423
357
287
218
175
120
38
-12
-24
-98
-149
-192
-241
-304
-356
-414
-463
-536
-597
-651
-714
-748
-814
-885
-946
-1075
-1114
-1163
-1251
-1342
-1406
-1482
-1580
-1651
-1713
-1090
-1886
-2037
-1123
-2620
-1831
-1870
-7120
-10237
-185
852
80
1216
-14054
-1371
674
4666
-10223
-13587
-3282
-1262
-8496
326
2455
-3114
-11436
-7282
-11923
-18497
-303
7762
32998
60410
-82886
-30118
-10828
-11782
1424
10303
-4445
19027
899
-2291
-14504
2085
-2262
1862
11516
-18936
-3748
-1809
-432
4742
1760
-639
897
214
644
693
382
210
392
343
407
437
461
498
534
590
572
592
624
668
694
742
716
745
780
789
811
829
843
876
899
906
888
952
941
1010
987
898
935
1030
1060
1086
1029
1088
1066
1087
1120
1148
1147
1166
1154
1198
1198
1214
1226
1236
1253
1263
1270
1281
1311
1297
1375
1292
1382
1363
1375
1381
1398
1392
1401
1497
1620
1480
1499
715
1541
780
1681
2420
1019
4098
-1460
8468
129
6092
8462
9699
4879
-507
8635
2051
1377
-4206
5359
-5503
1044
-200
3627
10369
4819
513
15241
-5328
32814
24210
34232
65056
-159117
-39723
-25643
-17543
-14119
-4957
118
4170
744
-994
-2689
339
2095
-14032
-10135
36
-679
-1760
-5614
-6784
-3588
-1263
-1951
-3418
-2715
-2513
-2504
-2650
-2435
-2362
-2366
-2284
-2212
-2130
-2109
-2060
-1960
-1916
-1854
-1831
-1794
-1754
-1693
-1655
-1634
-1585
-1549
-1511
-1481
-1444
-1410
-1372
-1314
-1284
-1217
-1131
-618
-1469
-1311
-1247
-1241
-1128
-1036
-1074
-1018
-999
-983
-941
-925
-875
-830
-796
-777
-732
-709
-678
-641
-599
-561
-534
-507
-461
-432
-384
-361
-313
-298
-239
-160
-118
-50
-114
186
216
221
465
121
897
-636
-128
642
1330
668
114
4487
-2375
-8136
-14786
6516
9294
10070
1124
5185
5426
4392
9267
11893
2782
8963
4675
-628
7609
-11089
7775
-11717
-21349
-31537
-88692
197581
49412
20308
20165
16895
-874
12977
17614
-1112
7814
-4839
1447
3561
11816
17258
3993
2133
-1454
528
-2586
-2132
770
605
266
869
1091
658
653
706
586
557
517
474
442
346
357
304
255
204
173
122
87
28
-14
-34
-68
-100
-130
-165
-206
-255
-258
-300
-351
-372
-459
-828
-210
-382
-422
-478
-519
-560
-572
-565
-655
-679
-657
-695
-731
-771
-788
-811
-841
-869
-895
-926
-957
-981
-1017
-1041
-1040
-1153
-1135
-1178
-1199
-1219
-1248
-1264
-1288
-1329
-1367
-1317
-1517
-1428
-1150
-1839
-1064
-1971
507
2359
-1196
-1375
-11112
-2675
-1527
-8894
3916
5132
-6126
-11668
-4974
-12184
710
-1997
-666
-10789
-2398
-2960
3178
-10512
-6515
-1562
-5983
7656
3781
-28114
-8164
39918
24271
-2460
3667
13133
4914
-2635
8437
-11832
-1207
5661
-698
4179
-10165
4238
11257
1044
-7062
4795
-1200
3920
3618
2120
2854
2227
2265
2110
2134
2018
1916
1871
1846
1813
1765
1783
1718
1656
1687
1630
1667
1616
1580
1573
1590
1547
1536
1521
1512
1505
1477
1496
1440
1420
1421
1406
1319
1067
1537
1533
1404
1373
1368
1394
1371
1384
1329
1333
1273
1312
1315
1288
1271
1269
1260
1248
1231
1224
1205
1187
1190
1156
1158
1148
1104
1133
1081
1070
1049
1019
996
991
922
788
916
557
831
612
380
427
485
-321
669
5333
166
6879
882
6094
3088
13748
17975
-591
-1256
13146
4270
10471
-4088
-7165
9921
5129
9392
-9170
-3345
-9486
5161
22550
24448
45859
93761
-227874
-55062
-30112
-20972
-18490
255
-28851
-2886
-4987
362
4710
-3925
5951
5840
-7886
-10814
-1386
-2178
-6861
212
-3323
-2128
-3208
-1443
-2292
-2254
-2116
-1801
-1719
-1557
-1568
-1449
-1355
-1265
-1224
-1136
-1078
-1003
-907
-874
-813
-739
-683
-637
-589
-533
-483
-433
-389
-336
-276
-254
-192
-133
-56
58
607
-301
-106
-10
26
74
149
166
224
239
321
329
364
429
465
497
530
578
617
658
699
726
771
854
865
907
972
1015
1069
1086
1151
1203
1267
1309
1421
1385
1465
1316
1515
1733
1727
1866
2325
2553
2017
347
1059
10366
7201
-5167
18527
5534
9361
-4215
-2957
-4563
-426
7611
3177
4906
1977
9838
1611
17494
11252
16926
7639
19265
-12599
-14558
-16268
-37636
94971
22420
9034
3651
-5322
-3990
7060
4087
2270
-7924
14106
3050
8615
8302
12294
2098
8797
3013
-4606
-2238
1386
-74
-1796
140
-966
-651
-1075
-597
-795
-870
-866
-900
-922
-955
-981
-1019
-1058
-1047
-1113
-1138
-1180
-1188
-1226
-1246
-1254
-1285
-1305
-1324
-1351
-1370
-1414
-1395
-1408
-1443
-1471
-1504
-1567
-1532
-1553
-1567
-1582
-1592
-1617
-1612
-1702
-1694
-1726
-1714
-1733
-1763
-1771
-1812
-1829
-1851
-1871
-1893
-1913
-1944
-1945
-1988
-2021
-1987
-2063
-2064
-2122
-2128
-2140
-2167
-2197
-2216
-2238
-2275
-2266
-2223
-2579
-2567
-2473
-2386
-2249
-3188
-2009
-3949
232
-13474
2037
-1843
-7223
1327
-9813
-5834
-5465
-3046
-2019
-900
-8495
-2688
-11894
-10650
221
2538
2254
-18064
-13449
-13826
-23543
-14864
-24748
-76683
162498
25798
28629
15864
24413
23454
13195
9979
10630
1287
1231
12075
6843
9923
13751
-4222
21381
5944
1199
3457
4628
3733
4315
3709
3104
3833
3276
3701
3549
3305
3196
3144
3050
2953
2880
2871
2749
2724
2654
2578
2478
2490
2401
2344
2315
2268
2215
2161
2121
2072
2015
1956
1929
1865
1813
1742
1209
2076
1850
1776
1760
1669
1648
1616
1547
1516
1495
1449
1383
1373
1314
1288
1237
1202
1159
1119
1074
1044
1018
979
887
880
823
768
747
663
604
572
537
467
422
350
365
47
83
238
-147
152
43
-123
-678
1440
-940
-2462
10294
-10915
-6328
-4484
16336
-8931
-4098
-10621
-3298
-8360
-19354
-8950
-1615
-7108
-7490
-6647
-5196
-11487
-11983
-6610
12533
26151
22413
78239
-182856
-45710
-25267
-10755
-6122
-24145
-17460
-2890
5254
-8442
-1534
-17685
-4679
-3028
-2080
456
-820
-8815
-4327
413
-327
-2669
-2207
-2270
-1441
-1554
-1249
-1198
-1191
-1118
-1084
-1058
-970
-907
-830
-789
-713
-659
-584
-513
-482
-433
-367
-323
-279
-226
-178
-135
-90
-39
7
58
92
134
225
285
621
106
269
289
365
403
408
500
547
548
644
658
693
734
772
821
867
911
950
994
1043
1087
1157
1174
1236
1275
1331
1381
1423
1481
1543
1639
1700
1783
1851
2005
1999
2207
2288
2575
1649
3483
2730
3833
4177
-1248
-1538
6980
-206
460
-6472
-4219
-1282
15109
1597
6141
2296
-5064
-5973
-1716
7814
-221
-3318
17751
867
6055
24978
12029
4935
3198
968
13191
-40423
-10832
-6914
-7215
4452
5025
-1362
113
-10075
2404
-3306
-1948
5542
3047
-11537
5943
5087
-9380
-5816
-1536
-1448
-5242
-1440
-3554
-2024
-2410
-2053
-2247
-2161
-2148
-2127
-2079
-2046
-2055
-1993
-1976
-1980
-1991
-1955
-1898
-1941
-1925
-1893
-1884
-1878
-1860
-1851
-1836
-1839
-1835
-1811
-1807
-1796
-1768
-1755
-1718
-1431
-1932
-1826
-1809
-1800
-1754
-1751
-1758
-1762
-1748
-1742
-1753
-1727
-1718
-1705
-1723
-1714
-1715
-1711
-1711
-1709
-1713
-1699
-1710
-1687
-1708
-1693
-1691
-1697
-1737
-1719
-1695
-1732
-1747
-1735
-1820
-1709
-1873
-2408
-1549
-1693
-1644
-1164
-2828
-52
-4812
-4280
-2025
-7057
2355
-3766
2420
5971
-2048
2356
-504
-2640
-7652
-2925
15742
-8149
-1921
-1704
3077
3778
-3313
-6090
-6937
-21032
-37889
-29137
-100325
223046
46880
27483
16123
2069
15440
15512
22892
8323
8915
4142
12286
-1817
-6196
13839
10264
387
-2360
7268
7759
5417
4466
2546
3507
3473
2405
2384
2725
2642
2373
2301
2193
2113
2028
1967
1889
1806
1697
1650
1623
1550
1462
1396
1367
1302
1246
1190
1135
1079
1027
974
914
876
827
750
650
84
995
736
730
639
601
552
452
448
388
364
295
264
237
188
142
110
56
17
-21
-53
-124
-155
-192
-250
-286
-298
-372
-440
-434
-523
-552
-633
-685
-713
-701
-773
-910
-812
-656
-902
-800
-1780
-2473
1862
-1463
-5443
-4188
1374
-4792
-753
7708
-15395
-3132
-1072
-12035
-2557
-6841
-9781
-9503
-8654
7336
-6647
-471
-8467
-259
-18165
-20957
-946
17749
16328
31070
-90095
-29471
-16819
-9220
-1566
3980
-7050
-5272
-9692
-2089
3174
-3972
634
1046
-10568
-9834
7037
-1543
-5106
-2682
-2155
513
605
-35
-171
891
570
421
450
603
587
663
704
722
829
842
853
947
986
1005
1008
1080
1114
1121
1166
1194
1224
1249
1277
1313
1343
1353
1399
1450
1457
1490
1535
1543
1556
1550
1632
1622
1653
1706
1695
1768
1728
1776
1772
1816
1848
1866
1886
1920
1946
1970
1991
2021
2050
2070
2135
2181
2184
2197
2237
2269
2293
2322
2371
2406
2397
2501
2565
2859
2605
2581
2830
1805
2897
3950
6485
2216
-1998
-8440
-6606
7774
11586
-1226
17700
927
-3394
11032
18292
-397
16016
4192
10312
4654
13048
-10968
-309
-5924
4894
6982
9768
26180
32892
58875
-160646
-56900
-29204
-15614
-6075
-12823
-1285
-8368
-12789
-11683
-13837
-3555
-4193
-2249
-3828
-18341
-6646
-16603
-5320
-635
-2726
-2829
-4015
-2675
-2627
-3113
-2989
-2949
-2845
-2801
-2805
-2741
-2698
-2652
-2590
-2559
-2480
-2462
-2438
-2334
-2321
-2259
-2255
-2217
-2176
-2130
-2094
-2058
-2026
-1997
-1930
-1909
-1870
-1814
-1764
-1625
-1169
-1990
-1853
-1793
-1704
-1686
-1681
-1622
-1508
-1485
-1472
-1443
-1426
-1372
-1336
-1297
-1269
-1235
-1195
-1151
-1121
-1075
-1036
-1019
-954
-925
-896
-812
-820
-726
-712
-622
-582
-535
-475
-404
-217
-172
-438
-153
-266
-1268
50
2644
528
-1072
6743
3612
-1467
8086
-6025
-6264
15716
-12540
5341
4732
-14171
2299
14079
-7196
-567
4992
3541
-2484
-12939
11622
21297
14769
-9871
-15638
-24296
-85858
189843
49841
31737
35160
12043
-2131
15355
16724
5970
1266
22816
10793
4767
8531
-3265
2494
-3848
-3353
7666
-946
2431
2773
2240
1978
1261
1827
1937
1451
1432
1294
1149
1115
1035
956
861
815
725
704
595
567
506
430
386
311
270
221
166
114
59
8
-28
-89
-147
-226
-279
-348
-695
-141
-337
-387
-444
-460
-534
-532
-615
-641
-689
-750
-802
-878
-893
-940
-996
-1041
-1088
-1140
-1188
-1234
-1292
-1326
-1399
-1481
-1503
-1587
-1630
-1666
-1768
-1802
-1903
-1989
-2030
-2159
-2361
-2364
-2418
-2111
-2811
-2890
-3365
-3448
-5814
-3939
-5382
-237
-3683
-8297
-5082
-6687
-5603
3731
-56
-10758
3
-4567
-6188
-3657
1992
-3301
-19585
-15955
-8082
-18745
-7678
-16590
2339
10851
-1951
-25305
39546
14192
-11136
10657
13789
-5995
-3913
4133
-2225
9787
-4404
-5368
18181
-7170
11367
9135
196
-4541
4018
2932
2788
2760
2317
1914
1786
2140
1775
1496
1682
1603
1690
1645
1642
1636
1633
1617
1561
1582
1580
1606
1574
1541
1537
1551
1531
1523
1514
1507
1487
1483
1470
1474
1445
1425
1439
1372
1084
1611
1476
1422
1435
1444
1411
1376
1366
1422
1404
1370
1363
1345
1367
1344
1349
1331
1321
1315
1305
1283
1294
1254
1273
1254
1216
1240
1226
1212
1208
1217
1174
1147
1153
1092
949
1168
878
1109
1107
1601
702
2485
193
2078
4162
70
-4348
7598
-3698
6912
-4474
6457
3112
-3526
1157
4620
-12567
14338
-1791
-2985
-11834
-9078
11226
9137
2544
-3339
16615
15863
56157
100220
-226272
-56195
-30306
-30956
-16134
-18658
-15474
2789
-14706
-2951
-18410
-15447
-3011
-14915
-1146
-13298
-5470
2675
-546
-4414
-4243
-2915
-3942
-2842
-3102
-2402
-2391
-2353
-2240
-2145
-2068
-1984
-1889
-1801
-1741
-1652
-1560
-1524
-1420
-1375
-1281
-1202
-1168
-1083
-1036
-976
-918
-863
-798
-744
-674
-636
-584
-486
-447
-303
242
-680
-508
-330
-288
-263
-157
-149
-86
-47
18
56
130
171
218
257
309
364
414
467
524
572
626
654
725
785
875
930
935
1048
1086
1141
1215
1274
1324
1325
1473
1625
1559
1910
1120
1029
2603
793
3215
-3645
4218
3201
7240
11062
2443
8310
1768
3936
6472
10461
11556
6234
599
3222
3621
6923
14414
11596
15596
15479
4716
22409
-5710
-7188
-12214
-42828
103460
20430
17794
14657
-6150
4781
4590
3589
7821
9925
-6106
-140
-6374
7864
-12581
-6947
-2497
4230
-4294
49
-3244
1109
-1953
355
-493
-1264
-954
-1025
-1035
-872
-940
-967
-1001
-1037
-1073
-1108
-1117
-1107
-1127
-1201
-1174
-1190
-1188
-1224
-1237
-1261
-1278
-1290
-1310
-1318
-1337
-1340
-1332
-1376
-1397
-1406
-1474
-1396
-1442
-1451
-1466
-1449
-1489
-1529
-1487
-1535
-1497
-1520
-1538
-1557
-1562
-1566
-1588
-1595
-1605
-1618
-1612
-1613
-1642
-1668
-1664
-1658
-1677
-1689
-1700
-1662
-1660
-1697
-1705
-1699
-1696
-1745
-1765
-1672
-1350
-1797
-1543
-1774
-173
-2277
-2278
1030
-1815
-5981
-1465
7059
-1409
-16649
-3367
-195
-5833
-10872
-347
-8410
113
-4093
-9585
-8344
-17462
7259
-13179
7229
-2299
-12874
-903
-13744
-20658
-65679
157227
33412
22294
19925
18681
8940
5696
11887
3748
4993
5969
8352
8753
-144
5240
8663
6687
7168
7182
2100
1419
3484
3360
2988
2907
3233
2684
3179
2835
2864
2749
2682
2611
2552
2469
2418
2377
2314
2217
2188
2140
2088
2046
1994
1952
1897
1853
1810
1766
1705
1688
1618
1558
1504
1464
1357
847
1665
1465
1397
1312
1320
1245
1210
1149
1152
1071
1017
998
953
907
862
798
761
719
669
636
570
529
449
442
399
316
246
151
110
71
-8
-90
-168
-278
-220
-463
-517
-533
-886
-1288
-1424
-1310
-367
-1237
1097
-468
-9641
-9544
7373
-4758
-3194
-5150
2914
5718
-5638
-5587
11313
2315
-6267
-6290
5004
-4268
-15422
-1861
-6769
-6633
-16643
3350
28152
24137
88804
-199175
-41085
-22162
-26105
-28686
-5222
-15519
-3804
-8160
-3480
-13270
-15280
-9972
1264
-5238
831
-5873
1473
1325
-3314
-500
-1096
-1898
-1315
-138
-1561
-934
-804
-760
-959
-749
-731
-664
-588
-534
-468
-478
-353
-325
-295
-206
-178
-116
-74
-30
21
63
107
144
201
247
277
357
383
435
512
890
305
501
512
627
633
707
677
800
825
820
883
896
975
1021
1078
1108
1159
1207
1254
1299
1353
1403
1476
1494
1553
1624
1699
1747
1783
1862
1957
2042
2132
2206
2340
2403
2634
2271
3002
2846
3325
4005
5832
4296
4816
6444
6115
9156
-3243
4776
7176
2985
13395
-6600
-6152
3113
10826
12859
8297
13972
9803
13833
-9347
-132
22965
517
12121
1982
20366
-599
15266
-40807
-4023
-10101
-12696
1629
-90
-8181
997
-5245
1989
5014
-16756
-13284
9679
-5560
-7143
5124
-7165
6300
-810
-1516
-3471
-1525
-1480
-1939
-1235
-1716
-1480
-1534
-1611
-1485
-1524
-1515
-1509
-1495
-1489
-1519
-1548
-1534
-1454
-1503
-1468
-1465
-1483
-1465
-1467
-1467
-1466
-1460
-1470
-1447
-1453
-1457
-1449
-1394
-1406
-1132
-1616
-1501
-1560
-1491
-1470
-1466
-1504
-1447
-1515
-1437
-1463
-1481
-1491
-1463
-1464
-1472
-1473
-1477
-1482
-1484
-1494
-1473
-1486
-1484
-1465
-1517
-1526
-1493
-1466
-1521
-1521
-1552
-1571
-1591
-1516
-1462
-1697
-1665
-1707
-1657
-2553
-2214
-1450
-344
-3919
1660
-8336
-974
2663
1207
4070
-3230
3875
-5789
581
12135
-4347
-1728
-6229
2589
-4743
-11171
12600
-12790
8635
-2595
-3571
-19298
-6069
-43913
-109987
215981
48604
40596
23173
13993
9978
17919
13174
4189
7131
-1636
9033
-3154
6744
-3600
-3931
927
-1213
1788
-1057
616
2178
2116
1073
1424
1772
1207
1112
993
1106
1007
972
938
932
850
846
768
805
744
701
664
642
604
558
538
501
471
442
405
366
355
301
280
219
201
124
-397
530
306
158
178
159
95
20
48
17
-42
-31
-67
-91
-118
-139
-181
-197
-231
-259
-288
-311
-333
-370
-428
-447
-457
-492
-549
-554
-596
-630
-659
-691
-757
-781
-694
-743
-1730
-1106
-1250
-1737
-1527
-1723
-2554
-2722
352
1293
4190
-5781
-9127
3517
5170
3256
-3210
-1009
-5121
-706
4083
-18052
-11939
-7513
6479
-6447
-9396
4551
-9060
-20242
2935
11223
5268
30028
-96372
-9330
-16442
-12469
1222
3119
8310
-5550
-2401
-1436
-4549
2839
-6491
-1824
-7747
6987
4778
-7294
4910
3213
844
729
2031
1265
752
1519
1477
1438
1510
1563
1559
1601
1626
1632
1627
1690
1647
1701
1681
1776
1723
1735
1764
1772
1788
1808
1813
1823
1834
1853
1863
1857
1882
1895
1928
1902
1984
1964
1986
1961
1997
1986
2032
2033
2048
2061
2081
2079
2074
2084
2086
2114
2115
2140
2151
2169
2178
2196
2219
2233
2212
2255
2316
2253
2338
2344
2342
2357
2400
2439
2413
2398
